tool_name,route,category,registry_status,indexable,sitemap_included,navigation_discoverable,category_discoverable,search_discoverable,functional_status,verification_status,tested_inputs,expected_output,actual_output,output_verified,desktop_status,mobile_status,accessibility_status,privacy_model,external_dependencies,known_limitations,gsc_impressions,gsc_clicks,gsc_position,demand_status,correctness_score,demand_score,differentiation_score,strategic_fit_score,maintainability_score,total_score,recommendation,highest_defect_severity,defect_summary,evidence,recommended_seo_action,recommended_product_action,original_defect,resolution_status,remediation_files,remediation_tests,remediation_evidence,post_remediation_recommendation,remaining_risks
Image Compressor,/compress/image,compress,live,YES,YES,YES,YES,YES,WORKING_WITH_UNVERIFIED_OR_DEFECTIVE_EDGES,PARTIAL,"PARTIAL; 800×600 high-quality JPG → valid 800×600 JPEG, correct name, smaller than source; output opened with Sharp. PNG alpha, WebP, batch ZIP, 50 MB, and memory pressure unverified. output_verified=true","A readable artifact satisfying the route's stated format, dimensions, page, transparency, animation, and naming contract for the tested input","Observed and independently parsed: PARTIAL; 800×600 high-quality JPG → valid 800×600 JPEG, correct name, smaller than source; output opened with Sharp. PNG alpha, WebP, batch ZIP, 50 MB, and memory pressure unverified. output_verified=true",TRUE,PASS,UNVERIFIED,PARTIAL,"browser-local; browser-image-compression, Worker/Canvas; already-optimized inputs may grow or show no reduction","browser-local; browser-image-compression, Worker/Canvas; already-optimized inputs may grow or show no reduction","browser-local; browser-image-compression, Worker/Canvas; already-optimized inputs may grow or show no reduction",UNKNOWN,UNKNOWN,UNKNOWN,UNKNOWN,25,UNKNOWN,12,15,7,UNKNOWN,FLAGSHIP,,No confirmed defect in the tested scope; see known limitations and unverified gaps,"reports/audits/tool-integrity/files-images-pdf.md; tests/e2e/tool-audit/file-artifact-audit.spec.ts; PARTIAL; 800×600 high-quality JPG → valid 800×600 JPEG, correct name, smaller than source; output opened with Sharp. PNG alpha, WebP, batch ZIP, 50 MB, and memory pressure unverified. output_verified=true",Retain current URL/indexation; validate demand with GSC before promotion or content expansion,"Retain as an initial flagship candidate and close the remaining evidence gaps before broad promotion: browser-local; browser-image-compression, Worker/Canvas; already-optimized inputs may grow or show no reduction",No confirmed defect in the tested scope; see known limitations and unverified gaps,NOT_IN_P0_P1_SCOPE,—,—,Historical audit evidence retained; this row was not reclassified in the P0/P1 remediation wave.,FLAGSHIP,"browser-local; browser-image-compression, Worker/Canvas; already-optimized inputs may grow or show no reduction"
GIF Compressor,/tools/gif-compressor,compress,live,YES,YES,YES,YES,YES,WORKING_WITH_UNVERIFIED_OR_DEFECTIVE_EDGES,PARTIAL,"PARTIAL; 40×40 two-frame GIF → decodable animated GIF with >1 frame and 40×40 frame geometry. Exact duration, transparency, disposal modes, large GIFs, and actual reduction on a representative corpus unverified. output_verified=true","A readable artifact satisfying the route's stated format, dimensions, page, transparency, animation, and naming contract for the tested input","Observed and independently parsed: PARTIAL; 40×40 two-frame GIF → decodable animated GIF with >1 frame and 40×40 frame geometry. Exact duration, transparency, disposal modes, large GIFs, and actual reduction on a representative corpus unverified. output_verified=true",TRUE,PASS,UNVERIFIED,PARTIAL,browser-local; gifuct-js + gifenc; custom palette/re-encode path is maintenance-heavy,browser-local; gifuct-js + gifenc; custom palette/re-encode path is maintenance-heavy,browser-local; gifuct-js + gifenc; custom palette/re-encode path is maintenance-heavy,UNKNOWN,UNKNOWN,UNKNOWN,UNKNOWN,23,UNKNOWN,13,10,6,UNKNOWN,KEEP,,No confirmed defect in the tested scope; see known limitations and unverified gaps,"reports/audits/tool-integrity/files-images-pdf.md; tests/e2e/tool-audit/file-artifact-audit.spec.ts; PARTIAL; 40×40 two-frame GIF → decodable animated GIF with >1 frame and 40×40 frame geometry. Exact duration, transparency, disposal modes, large GIFs, and actual reduction on a representative corpus unverified. output_verified=true",Retain current URL/indexation; validate demand with GSC before promotion or content expansion,"Retain the tool, address the documented limitations, and add missing mobile/accessibility/output evidence before promotion: browser-local; gifuct-js + gifenc; custom palette/re-encode path is maintenance-heavy",No confirmed defect in the tested scope; see known limitations and unverified gaps,NOT_IN_P0_P1_SCOPE,—,—,Historical audit evidence retained; this row was not reclassified in the P0/P1 remediation wave.,KEEP,browser-local; gifuct-js + gifenc; custom palette/re-encode path is maintenance-heavy
PNG to JPG Converter,/convert/png-to-jpg,convert,live,YES,YES,NO,YES,YES,WORKING_IN_TESTED_SCOPE,PASS,PASS; 160×120 transparent PNG → real 160×120 JPEG; transparent corner independently decoded as white; sensible .jpg name. output_verified=true,"A readable artifact satisfying the route's stated format, dimensions, page, transparency, animation, and naming contract for the tested input",Observed and independently parsed: PASS; 160×120 transparent PNG → real 160×120 JPEG; transparent corner independently decoded as white; sensible .jpg name. output_verified=true,TRUE,PASS,UNVERIFIED,PARTIAL,browser-local Canvas; alpha intentionally flattened; EXIF not preserved,browser-local Canvas; alpha intentionally flattened; EXIF not preserved,browser-local Canvas; alpha intentionally flattened; EXIF not preserved; Smart Converter can hand off a source format that the destination route does not declare or accept after reset,UNKNOWN,UNKNOWN,UNKNOWN,UNKNOWN,28,UNKNOWN,5,11,8,UNKNOWN,KEEP,,No confirmed defect in the tested scope; see known limitations and unverified gaps,reports/audits/tool-integrity/files-images-pdf.md; tests/e2e/tool-audit/file-artifact-audit.spec.ts; PASS; 160×120 transparent PNG → real 160×120 JPEG; transparent corner independently decoded as white; sensible .jpg name. output_verified=true; reports/audits/tool-integrity/routes-and-discovery.md,Retain current URL/indexation; validate demand with GSC before promotion or content expansion,"Retain the tool, address the documented limitations, and add missing mobile/accessibility/output evidence before promotion: browser-local Canvas; alpha intentionally flattened; EXIF not preserved; Smart Converter can hand off a source format that the destination route does not declare or accept after reset",No confirmed defect in the tested scope; see known limitations and unverified gaps,NOT_IN_P0_P1_SCOPE,—,—,Historical audit evidence retained; this row was not reclassified in the P0/P1 remediation wave.,KEEP,browser-local Canvas; alpha intentionally flattened; EXIF not preserved; Smart Converter can hand off a source format that the destination route does not declare or accept after reset
QR Code Generator,/generate/qr-code,generate,live,YES,YES,YES,YES,YES,WORKING_WITH_UNVERIFIED_OR_DEFECTIVE_EDGES,PARTIAL,"PARTIAL; source establishes PNG data URL and SVG generation through qrcode, with size/color/error-level options and long-input error. No independent scanner decoded the browser output. output_verified=false","A readable artifact satisfying the route's stated format, dimensions, page, transparency, animation, and naming contract for the tested input","UNVERIFIED end to end: PARTIAL; source establishes PNG data URL and SVG generation through qrcode, with size/color/error-level options and long-input error. No independent scanner decoded the browser output. output_verified=false",FALSE,PARTIAL,UNVERIFIED,PARTIAL,"browser-local; qrcode; scan success depends on payload length, contrast, print size, and error correction","browser-local; qrcode; scan success depends on payload length, contrast, print size, and error correction","browser-local; qrcode; scan success depends on payload length, contrast, print size, and error correction",UNKNOWN,UNKNOWN,UNKNOWN,UNKNOWN,22,UNKNOWN,4,8,8,UNKNOWN,KEEP,,No confirmed defect in the tested scope; see known limitations and unverified gaps,"reports/audits/tool-integrity/files-images-pdf.md; tests/e2e/tool-audit/file-artifact-audit.spec.ts; PARTIAL; source establishes PNG data URL and SVG generation through qrcode, with size/color/error-level options and long-input error. No independent scanner decoded the browser output. output_verified=false",Retain current URL/indexation; validate demand with GSC before promotion or content expansion,"Retain the tool, address the documented limitations, and add missing mobile/accessibility/output evidence before promotion: browser-local; qrcode; scan success depends on payload length, contrast, print size, and error correction",No confirmed defect in the tested scope; see known limitations and unverified gaps,NOT_IN_P0_P1_SCOPE,—,—,Historical audit evidence retained; this row was not reclassified in the P0/P1 remediation wave.,KEEP,"browser-local; qrcode; scan success depends on payload length, contrast, print size, and error correction"
HEIC to JPG Converter,/convert/heic-to-jpg,convert,live,YES,YES,NO,YES,YES,CORE_DEFECT_OR_HARD_GATE,FAIL,FAIL; valid 40×40 HEIC hung >90s with no output/error. Node fixture tests separately fail from missing HEVC plugin. output_verified=false,The valid 40×40 HEIC completes within a bounded time and downloads a readable 40×40 JPEG or a clear supported-format error,The browser remained on ‘Converting HEIC to JPG…’ for more than 90 seconds with no output or error,FALSE,FAIL,UNVERIFIED,PARTIAL,"browser-local heic2any; codec/browser/worker sensitive; orientation, wide gamut, alpha, Live Photo, EXIF unverified","browser-local heic2any; codec/browser/worker sensitive; orientation, wide gamut, alpha, Live Photo, EXIF unverified","browser-local heic2any; codec/browser/worker sensitive; orientation, wide gamut, alpha, Live Photo, EXIF unverified",UNKNOWN,UNKNOWN,UNKNOWN,UNKNOWN,0,UNKNOWN,8,5,3,UNKNOWN,HIDE,P1,"FIX; P1; temporarily remove from normal discovery after traffic/backlink check, repair timeout/error/codec path, correct fixture corpus; homepage Smart Converter also offers a HEIC-to-PNG action but routes it to the JPG-to-PNG implementation (P1)",reports/audits/tool-integrity/files-images-pdf.md; tests/e2e/tool-audit/file-artifact-audit.spec.ts; FAIL; valid 40×40 HEIC hung >90s with no output/error. Node fixture tests separately fail from missing HEVC plugin. output_verified=false; reports/audits/tool-integrity/routes-and-discovery.md,"Keep the route out of promotion; any noindex, sitemap, navigation, or redirect change requires a separately approved SEO release after a representative multi-browser HEIC corpus proves bounded output and failure behavior is verified.",Hide from public discovery and promotion pending a representative multi-browser HEIC corpus proves bounded output and failure behavior; retain only a bounded review/status path and do not present the current behavior as a user-safe result.,"FIX; P1; temporarily remove from normal discovery after traffic/backlink check, repair timeout/error/codec path, correct fixture corpus; homepage Smart Converter also offers a HEIC-to-PNG action but routes it to the JPG-to-PNG implementation (P1)",CONTAINED,app/convert/heic-to-jpg/page.tsx; components/tools/HeicToJpg.tsx; lib/processors.ts; lib/image-remediation/heic-validation.ts; components/home/SmartConverter.tsx; components/home/SmartConverterDeferred.tsx; lib/image-remediation/smart-converter-contracts.ts,tests/p1-files-images.test.mjs; tests/e2e/p1-files-images.spec.ts; tests/e2e/p1-containment.spec.ts; tests/tool-integrity-discovery.test.mjs,Direct route has no uploader and is noindexed; valid and invalid signatures plus a bounded decoder timeout are covered; Smart Converter has no HEIC action; focused Node 6/6 and focused file/image browser 10/10 passed.,"HIDE until representative iPhone HEIC files pass bounded multi-browser output, orientation, color, metadata, and Live Photo checks.",heic2any work is not cancellable after timeout; Node Sharp/libvips lacks an HEVC decoder; the dormant implementation is not release evidence.
WebP to PNG Converter,/convert/webp-to-png,convert,live,YES,YES,NO,YES,YES,WORKING_IN_TESTED_SCOPE,PASS,PASS; transparent 160×120 WebP → real 160×120 PNG with alpha. output_verified=true,"A readable artifact satisfying the route's stated format, dimensions, page, transparency, animation, and naming contract for the tested input",Observed and independently parsed: PASS; transparent 160×120 WebP → real 160×120 PNG with alpha. output_verified=true,TRUE,PASS,UNVERIFIED,PARTIAL,browser-local Canvas; animation and decoded-pixel equality not tested; output often larger,browser-local Canvas; animation and decoded-pixel equality not tested; output often larger,browser-local Canvas; animation and decoded-pixel equality not tested; output often larger,UNKNOWN,UNKNOWN,UNKNOWN,UNKNOWN,28,UNKNOWN,5,10,8,UNKNOWN,KEEP,,No confirmed defect in the tested scope; see known limitations and unverified gaps,reports/audits/tool-integrity/files-images-pdf.md; tests/e2e/tool-audit/file-artifact-audit.spec.ts; PASS; transparent 160×120 WebP → real 160×120 PNG with alpha. output_verified=true,Retain current URL/indexation; validate demand with GSC before promotion or content expansion,"Retain the tool, address the documented limitations, and add missing mobile/accessibility/output evidence before promotion: browser-local Canvas; animation and decoded-pixel equality not tested; output often larger",No confirmed defect in the tested scope; see known limitations and unverified gaps,NOT_IN_P0_P1_SCOPE,—,—,Historical audit evidence retained; this row was not reclassified in the P0/P1 remediation wave.,KEEP,browser-local Canvas; animation and decoded-pixel equality not tested; output often larger
PNG to WebP Converter,/convert/png-to-webp,convert,live,YES,YES,NO,YES,YES,WORKING_IN_TESTED_SCOPE,PASS,PASS; transparent 160×120 PNG → real 160×120 WebP with alpha. output_verified=true,"A readable artifact satisfying the route's stated format, dimensions, page, transparency, animation, and naming contract for the tested input",Observed and independently parsed: PASS; transparent 160×120 PNG → real 160×120 WebP with alpha. output_verified=true,TRUE,PASS,UNVERIFIED,PARTIAL,browser-local Canvas; lossy quality; may re-encode at lower quality to avoid growth; exact visual quality unverified,browser-local Canvas; lossy quality; may re-encode at lower quality to avoid growth; exact visual quality unverified,browser-local Canvas; lossy quality; may re-encode at lower quality to avoid growth; exact visual quality unverified; Smart Converter can hand off a source format that the destination route does not declare or accept after reset,UNKNOWN,UNKNOWN,UNKNOWN,UNKNOWN,27,UNKNOWN,5,11,8,UNKNOWN,KEEP,,No confirmed defect in the tested scope; see known limitations and unverified gaps,reports/audits/tool-integrity/files-images-pdf.md; tests/e2e/tool-audit/file-artifact-audit.spec.ts; PASS; transparent 160×120 PNG → real 160×120 WebP with alpha. output_verified=true; reports/audits/tool-integrity/routes-and-discovery.md,Retain current URL/indexation; validate demand with GSC before promotion or content expansion,"Retain the tool, address the documented limitations, and add missing mobile/accessibility/output evidence before promotion: browser-local Canvas; lossy quality; may re-encode at lower quality to avoid growth; exact visual quality unverified; Smart Converter can hand off a source format that the destination route does not declare or accept after reset",No confirmed defect in the tested scope; see known limitations and unverified gaps,NOT_IN_P0_P1_SCOPE,—,—,Historical audit evidence retained; this row was not reclassified in the P0/P1 remediation wave.,KEEP,browser-local Canvas; lossy quality; may re-encode at lower quality to avoid growth; exact visual quality unverified; Smart Converter can hand off a source format that the destination route does not declare or accept after reset
JPG to PNG Converter,/convert/jpg-to-png,convert,live,YES,YES,NO,YES,YES,WORKING_IN_TESTED_SCOPE,PASS,PASS; 800×600 JPEG → real 800×600 PNG with correct extension. output_verified=true,"A readable artifact satisfying the route's stated format, dimensions, page, transparency, animation, and naming contract for the tested input",Observed and independently parsed: PASS; 800×600 JPEG → real 800×600 PNG with correct extension. output_verified=true,TRUE,PASS,UNVERIFIED,PARTIAL,browser-local Canvas; output grows; JPEG artifacts persist; metadata not preserved,browser-local Canvas; output grows; JPEG artifacts persist; metadata not preserved,browser-local Canvas; output grows; JPEG artifacts persist; metadata not preserved,UNKNOWN,UNKNOWN,UNKNOWN,UNKNOWN,28,UNKNOWN,4,9,8,UNKNOWN,KEEP,,No confirmed defect in the tested scope; see known limitations and unverified gaps,reports/audits/tool-integrity/files-images-pdf.md; tests/e2e/tool-audit/file-artifact-audit.spec.ts; PASS; 800×600 JPEG → real 800×600 PNG with correct extension. output_verified=true,Retain current URL/indexation; validate demand with GSC before promotion or content expansion,"Retain the tool, address the documented limitations, and add missing mobile/accessibility/output evidence before promotion: browser-local Canvas; output grows; JPEG artifacts persist; metadata not preserved",No confirmed defect in the tested scope; see known limitations and unverified gaps,NOT_IN_P0_P1_SCOPE,—,—,Historical audit evidence retained; this row was not reclassified in the P0/P1 remediation wave.,KEEP,browser-local Canvas; output grows; JPEG artifacts persist; metadata not preserved
AI Background Remover,/tools/background-remover,tools,hidden,NO,NO,NO,NO,NO,CORE_DEFECT_OR_HARD_GATE,FAIL,FAIL; API returned 503 because unconfigured; no output. Privacy/deletion claims cannot be verified against configured external backend. output_verified=false,A nonempty transparent PNG with documented server handling and deletion behavior,POST /api/remove-bg returned 503 because the service is unconfigured; no output artifact or backend privacy contract was available,FALSE,PARTIAL,UNVERIFIED,PARTIAL,server proxy to BG_API_URL; BG_API_KEY; full image leaves device; unknown backend retention/subprocessors; weak in-memory rate limit,server proxy to BG_API_URL; BG_API_KEY; full image leaves device; unknown backend retention/subprocessors; weak in-memory rate limit,server proxy to BG_API_URL; BG_API_KEY; full image leaves device; unknown backend retention/subprocessors; weak in-memory rate limit,UNKNOWN,UNKNOWN,UNKNOWN,UNKNOWN,0,UNKNOWN,10,10,2,UNKNOWN,HIDE,P0,HIDE; P0; remain noindex/excluded; document and operate backend before any relaunch,reports/audits/tool-integrity/files-images-pdf.md; tests/e2e/tool-audit/file-artifact-audit.spec.ts; FAIL; API returned 503 because unconfigured; no output. Privacy/deletion claims cannot be verified against configured external backend. output_verified=false,"Keep the route out of promotion; any noindex, sitemap, navigation, or redirect change requires a separately approved SEO release after a verified processor, retention/deletion, abuse-control, economics, and parsed output-quality contract is verified.","Hide from public discovery and promotion pending a verified processor, retention/deletion, abuse-control, economics, and parsed output-quality contract; retain only a bounded review/status path and do not present the current behavior as a user-safe result.",HIDE; P0; remain noindex/excluded; document and operate backend before any relaunch,CONTAINED,app/tools/background-remover/page.tsx; app/api/remove-bg/route.ts; app/privacy/page.tsx; components/tools/BackgroundRemover.tsx; components/tool/ContainedToolNotice.tsx; components/tool/ToolLayout.tsx; lib/tools.ts; lib/seo/tool-faqs.ts,tests/e2e/p1-containment.spec.ts; tests/tool-integrity-discovery.test.mjs; tests/e2e/tool-audit/file-artifact-audit.spec.ts,"Route submission is disabled, robots are noindex, registry is non-live, every discovery projection excludes it, privacy copy makes no retention/deletion guarantee, and the unconfigured API returns 503.","HIDE; repair or replace only after processor ownership, retention/deletion terms, abuse control, monitoring, economics, and real artifact quality are verified; otherwise remove in a later approved portfolio decision.",BG_API_URL and BG_API_KEY are unset; the separate FastAPI/rembg BiRefNet service is unverified; both proxy and backend rate limits are in-memory and non-durable.
PDF Compressor,/compress/pdf,compress,live,YES,YES,YES,YES,YES,WORKING_WITH_UNVERIFIED_OR_DEFECTIVE_EDGES,PARTIAL,"PARTIAL; structural one-page fixture → smaller valid one-page PDF. Empty/corrupt inputs produced no download. Image-heavy, forms, annotations, bookmarks, encrypted/signed PDFs and cases that grow are unverified. output_verified=true","A readable artifact satisfying the route's stated format, dimensions, page, transparency, animation, and naming contract for the tested input","Observed and independently parsed: PARTIAL; structural one-page fixture → smaller valid one-page PDF. Empty/corrupt inputs produced no download. Image-heavy, forms, annotations, bookmarks, encrypted/signed PDFs and cases that grow are unverified. output_verified=true",TRUE,PASS,UNVERIFIED,PARTIAL,browser-local pdf-lib; strips metadata and rewrites object graph; does not resample images; rewriting invalidates digital signatures,browser-local pdf-lib; strips metadata and rewrites object graph; does not resample images; rewriting invalidates digital signatures,browser-local pdf-lib; strips metadata and rewrites object graph; does not resample images; rewriting invalidates digital signatures,UNKNOWN,UNKNOWN,UNKNOWN,UNKNOWN,18,UNKNOWN,4,13,8,UNKNOWN,FIX,P2,FIX; P2; keep route for now but narrow promise or add real image resampling/size targeting and never offer a larger “compressed” file,"reports/audits/tool-integrity/files-images-pdf.md; tests/e2e/tool-audit/file-artifact-audit.spec.ts; PARTIAL; structural one-page fixture → smaller valid one-page PDF. Empty/corrupt inputs produced no download. Image-heavy, forms, annotations, bookmarks, encrypted/signed PDFs and cases that grow are unverified. output_verified=true",Do not promote; retain current URL pending repair and demand/backlink evidence; reassess indexation only through a separate approved SEO change,"Repair or narrow the user-visible promise before promotion, then add an independent regression for this documented limitation: FIX; P2; keep route for now but narrow promise or add real image resampling/size targeting and never offer a larger “compressed” file",FIX; P2; keep route for now but narrow promise or add real image resampling/size targeting and never offer a larger “compressed” file,NOT_IN_P0_P1_SCOPE,—,—,Historical audit evidence retained; this row was not reclassified in the P0/P1 remediation wave.,FIX,browser-local pdf-lib; strips metadata and rewrites object graph; does not resample images; rewriting invalidates digital signatures
PDF to JPG Converter,/convert/pdf-to-jpg,convert,live,YES,YES,YES,YES,YES,WORKING_IN_TESTED_SCOPE,PASS,"PASS; two-page PDF (320×220 pt, 420×260 pt) → two valid JPEGs at 640×440 and 840×520 (2× render); page count/order verified. output_verified=true","A readable artifact satisfying the route's stated format, dimensions, page, transparency, animation, and naming contract for the tested input","Observed and independently parsed: PASS; two-page PDF (320×220 pt, 420×260 pt) → two valid JPEGs at 640×440 and 840×520 (2× render); page count/order verified. output_verified=true",TRUE,PASS,UNVERIFIED,PARTIAL,browser-local pdfjs-dist + Canvas; text becomes pixels; forms/links lost by design; large-page memory unverified,browser-local pdfjs-dist + Canvas; text becomes pixels; forms/links lost by design; large-page memory unverified,browser-local pdfjs-dist + Canvas; text becomes pixels; forms/links lost by design; large-page memory unverified,UNKNOWN,UNKNOWN,UNKNOWN,UNKNOWN,28,UNKNOWN,7,14,6,UNKNOWN,FLAGSHIP,,No confirmed defect in the tested scope; see known limitations and unverified gaps,"reports/audits/tool-integrity/files-images-pdf.md; tests/e2e/tool-audit/file-artifact-audit.spec.ts; PASS; two-page PDF (320×220 pt, 420×260 pt) → two valid JPEGs at 640×440 and 840×520 (2× render); page count/order verified. output_verified=true",Retain current URL/indexation; validate demand with GSC before promotion or content expansion,Retain as an initial flagship candidate and close the remaining evidence gaps before broad promotion: browser-local pdfjs-dist + Canvas; text becomes pixels; forms/links lost by design; large-page memory unverified,No confirmed defect in the tested scope; see known limitations and unverified gaps,NOT_IN_P0_P1_SCOPE,—,—,Historical audit evidence retained; this row was not reclassified in the P0/P1 remediation wave.,FLAGSHIP,browser-local pdfjs-dist + Canvas; text becomes pixels; forms/links lost by design; large-page memory unverified
JPG to PDF Converter,/convert/jpg-to-pdf,convert,live,YES,YES,NO,YES,YES,WORKING_IN_TESTED_SCOPE,PASS,"PASS; 800×600 JPG → nonempty, readable one-page PDF parsed with pdf-lib. Page content was not independently raster-compared. output_verified=true","A readable artifact satisfying the route's stated format, dimensions, page, transparency, animation, and naming contract for the tested input","Observed and independently parsed: PASS; 800×600 JPG → nonempty, readable one-page PDF parsed with pdf-lib. Page content was not independently raster-compared. output_verified=true",TRUE,PASS,UNVERIFIED,PARTIAL,browser-local pdf-lib; page sizing/margins; batch ordering not exercised,browser-local pdf-lib; page sizing/margins; batch ordering not exercised,browser-local pdf-lib; page sizing/margins; batch ordering not exercised,UNKNOWN,UNKNOWN,UNKNOWN,UNKNOWN,25,UNKNOWN,5,12,7,UNKNOWN,KEEP,,No confirmed defect in the tested scope; see known limitations and unverified gaps,"reports/audits/tool-integrity/files-images-pdf.md; tests/e2e/tool-audit/file-artifact-audit.spec.ts; PASS; 800×600 JPG → nonempty, readable one-page PDF parsed with pdf-lib. Page content was not independently raster-compared. output_verified=true",Retain current URL/indexation; validate demand with GSC before promotion or content expansion,"Retain the tool, address the documented limitations, and add missing mobile/accessibility/output evidence before promotion: browser-local pdf-lib; page sizing/margins; batch ordering not exercised",No confirmed defect in the tested scope; see known limitations and unverified gaps,NOT_IN_P0_P1_SCOPE,—,—,Historical audit evidence retained; this row was not reclassified in the P0/P1 remediation wave.,KEEP,browser-local pdf-lib; page sizing/margins; batch ordering not exercised
Merge PDF,/tools/merge-pdf,tools,live,YES,YES,YES,YES,YES,WORKING_IN_TESTED_SCOPE,PASS,"PASS; one-page + two-page inputs → valid three-page PDF; page geometry sequence 300×200, 320×220, 420×260 proved order. output_verified=true","A readable artifact satisfying the route's stated format, dimensions, page, transparency, animation, and naming contract for the tested input","Observed and independently parsed: PASS; one-page + two-page inputs → valid three-page PDF; page geometry sequence 300×200, 320×220, 420×260 proved order. output_verified=true",TRUE,PASS,UNVERIFIED,PARTIAL,browser-local pdf-lib; forms/outlines/attachments/signatures/encryption unverified; signatures will not remain valid after rewrite,browser-local pdf-lib; forms/outlines/attachments/signatures/encryption unverified; signatures will not remain valid after rewrite,browser-local pdf-lib; forms/outlines/attachments/signatures/encryption unverified; signatures will not remain valid after rewrite,UNKNOWN,UNKNOWN,UNKNOWN,UNKNOWN,28,UNKNOWN,6,13,8,UNKNOWN,FLAGSHIP,,No confirmed defect in the tested scope; see known limitations and unverified gaps,"reports/audits/tool-integrity/files-images-pdf.md; tests/e2e/tool-audit/file-artifact-audit.spec.ts; PASS; one-page + two-page inputs → valid three-page PDF; page geometry sequence 300×200, 320×220, 420×260 proved order. output_verified=true",Retain current URL/indexation; validate demand with GSC before promotion or content expansion,Retain as an initial flagship candidate and close the remaining evidence gaps before broad promotion: browser-local pdf-lib; forms/outlines/attachments/signatures/encryption unverified; signatures will not remain valid after rewrite,No confirmed defect in the tested scope; see known limitations and unverified gaps,NOT_IN_P0_P1_SCOPE,—,—,Historical audit evidence retained; this row was not reclassified in the P0/P1 remediation wave.,FLAGSHIP,browser-local pdf-lib; forms/outlines/attachments/signatures/encryption unverified; signatures will not remain valid after rewrite
Split PDF,/tools/split-pdf,tools,live,YES,YES,NO,YES,YES,WORKING_IN_TESTED_SCOPE,PASS,PASS; two-page input → two readable one-page PDFs preserving respective 320×220 and 420×260 geometry. output_verified=true,"A readable artifact satisfying the route's stated format, dimensions, page, transparency, animation, and naming contract for the tested input",Observed and independently parsed: PASS; two-page input → two readable one-page PDFs preserving respective 320×220 and 420×260 geometry. output_verified=true,TRUE,PASS,UNVERIFIED,PARTIAL,browser-local pdf-lib + pdfjs-dist; forms/outlines/attachments/encryption/signed inputs unverified,browser-local pdf-lib + pdfjs-dist; forms/outlines/attachments/encryption/signed inputs unverified,browser-local pdf-lib + pdfjs-dist; forms/outlines/attachments/encryption/signed inputs unverified,UNKNOWN,UNKNOWN,UNKNOWN,UNKNOWN,27,UNKNOWN,6,12,6,UNKNOWN,KEEP,,No confirmed defect in the tested scope; see known limitations and unverified gaps,reports/audits/tool-integrity/files-images-pdf.md; tests/e2e/tool-audit/file-artifact-audit.spec.ts; PASS; two-page input → two readable one-page PDFs preserving respective 320×220 and 420×260 geometry. output_verified=true,Retain current URL/indexation; validate demand with GSC before promotion or content expansion,"Retain the tool, address the documented limitations, and add missing mobile/accessibility/output evidence before promotion: browser-local pdf-lib + pdfjs-dist; forms/outlines/attachments/encryption/signed inputs unverified",No confirmed defect in the tested scope; see known limitations and unverified gaps,NOT_IN_P0_P1_SCOPE,—,—,Historical audit evidence retained; this row was not reclassified in the P0/P1 remediation wave.,KEEP,browser-local pdf-lib + pdfjs-dist; forms/outlines/attachments/encryption/signed inputs unverified
Rotate PDF,/tools/rotate-pdf,tools,live,YES,YES,NO,YES,YES,WORKING_IN_TESTED_SCOPE,PASS,"PASS; two-page input rotated 90°; output parsed as two pages with [90,90] rotations. Existing-rotation combination inspected in source. output_verified=true","A readable artifact satisfying the route's stated format, dimensions, page, transparency, animation, and naming contract for the tested input","Observed and independently parsed: PASS; two-page input rotated 90°; output parsed as two pages with [90,90] rotations. Existing-rotation combination inspected in source. output_verified=true",TRUE,PASS,UNVERIFIED,PARTIAL,browser-local pdf-lib + pdfjs-dist; signatures/encryption unverified; thumbnail CSS rotation can overflow visually,browser-local pdf-lib + pdfjs-dist; signatures/encryption unverified; thumbnail CSS rotation can overflow visually,browser-local pdf-lib + pdfjs-dist; signatures/encryption unverified; thumbnail CSS rotation can overflow visually,UNKNOWN,UNKNOWN,UNKNOWN,UNKNOWN,28,UNKNOWN,5,11,6,UNKNOWN,KEEP,,No confirmed defect in the tested scope; see known limitations and unverified gaps,"reports/audits/tool-integrity/files-images-pdf.md; tests/e2e/tool-audit/file-artifact-audit.spec.ts; PASS; two-page input rotated 90°; output parsed as two pages with [90,90] rotations. Existing-rotation combination inspected in source. output_verified=true",Retain current URL/indexation; validate demand with GSC before promotion or content expansion,"Retain the tool, address the documented limitations, and add missing mobile/accessibility/output evidence before promotion: browser-local pdf-lib + pdfjs-dist; signatures/encryption unverified; thumbnail CSS rotation can overflow visually",No confirmed defect in the tested scope; see known limitations and unverified gaps,NOT_IN_P0_P1_SCOPE,—,—,Historical audit evidence retained; this row was not reclassified in the P0/P1 remediation wave.,KEEP,browser-local pdf-lib + pdfjs-dist; signatures/encryption unverified; thumbnail CSS rotation can overflow visually
PDF to Fillable PDF,/tools/pdf-to-fillable,tools,hidden,NO,NO,NO,NO,NO,WORKING_WITH_UNVERIFIED_OR_DEFECTIVE_EDGES,PARTIAL,"PARTIAL; ordinary browser placement/export passed; parsed output contained an AcroForm field inside page bounds. Rotated browser test is stale and did not reach export; Node tests fail from missing DOMMatrix, an environment issue. output_verified=true for ordinary fixture","A readable artifact satisfying the route's stated format, dimensions, page, transparency, animation, and naming contract for the tested input","Observed and independently parsed: PARTIAL; ordinary browser placement/export passed; parsed output contained an AcroForm field inside page bounds. Rotated browser test is stale and did not reach export; Node tests fail from missing DOMMatrix, an environment issue. output_verified=true for ordinary fixture",TRUE,PARTIAL,UNVERIFIED,PARTIAL,"browser-local pdf-lib + pdfjs-dist; “signature” is a text field, date is plain text; cross-reader/mobile compatibility unverified","browser-local pdf-lib + pdfjs-dist; “signature” is a text field, date is plain text; cross-reader/mobile compatibility unverified","browser-local pdf-lib + pdfjs-dist; “signature” is a text field, date is plain text; cross-reader/mobile compatibility unverified",UNKNOWN,UNKNOWN,UNKNOWN,UNKNOWN,21,UNKNOWN,13,7,3,UNKNOWN,HIDE,,"HIDE; no confirmed core severity; keep hidden until rotated, keyboard, touch, and cross-reader corpus passes; then consider KEEP","reports/audits/tool-integrity/files-images-pdf.md; tests/e2e/tool-audit/file-artifact-audit.spec.ts; PARTIAL; ordinary browser placement/export passed; parsed output contained an AcroForm field inside page bounds. Rotated browser test is stale and did not reach export; Node tests fail from missing DOMMatrix, an environment issue. output_verified=true for ordinary fixture","Keep the route out of promotion; any noindex, sitemap, navigation, or redirect change requires a separately approved SEO release after rotated, keyboard, touch, and cross-reader form-placement evidence is verified.","Hide from public discovery and promotion pending rotated, keyboard, touch, and cross-reader form-placement evidence; retain only a bounded review/status path and do not present the current behavior as a user-safe result.","HIDE; no confirmed core severity; keep hidden until rotated, keyboard, touch, and cross-reader corpus passes; then consider KEEP",NOT_IN_P0_P1_SCOPE,—,—,Historical audit evidence retained; this row was not reclassified in the P0/P1 remediation wave.,HIDE,"browser-local pdf-lib + pdfjs-dist; “signature” is a text field, date is plain text; cross-reader/mobile compatibility unverified"
Image Resizer,/tools/resize-image,tools,live,YES,YES,YES,YES,YES,CORE_DEFECT_OR_HARD_GATE,FAIL,"FAIL; JPG 800×600 → valid JPEG 400×300, but accepted GIF → PNG bytes named .gif, animation lost. output_verified=true",The accepted animated GIF remains a decodable animated GIF at the requested dimensions with matching MIME and extension,The download contained PNG bytes under a .gif filename and animation was lost,TRUE,FAIL,UNVERIFIED,PARTIAL,browser-local Canvas + JSZip; batch/sizes >4K/mobile memory unverified; “target file size” is claimed in registry copy but no target-size control exists in component,browser-local Canvas + JSZip; batch/sizes >4K/mobile memory unverified; “target file size” is claimed in registry copy but no target-size control exists in component,browser-local Canvas + JSZip; batch/sizes >4K/mobile memory unverified; “target file size” is claimed in registry copy but no target-size control exists in component,UNKNOWN,UNKNOWN,UNKNOWN,UNKNOWN,14,UNKNOWN,10,14,6,UNKNOWN,FIX,P1,FIX; P1; keep indexation only after GIF acceptance/claim and target-size promise are reconciled; validate MIME before naming,"reports/audits/tool-integrity/files-images-pdf.md; tests/e2e/tool-audit/file-artifact-audit.spec.ts; FAIL; JPG 800×600 → valid JPEG 400×300, but accepted GIF → PNG bytes named .gif, animation lost. output_verified=true",Do not promote; retain current URL pending repair and demand/backlink evidence; reassess indexation only through a separate approved SEO change,"Stop accepting/advertising GIF or implement a real animated-GIF resize encoder; validate magic bytes, MIME, filename extension, frame count, and animation before download",FIX; P1; keep indexation only after GIF acceptance/claim and target-size promise are reconciled; validate MIME before naming,FIXED,components/tools/ImageResizer.tsx; lib/image-remediation/raster-formats.ts,tests/p1-files-images.test.mjs; tests/e2e/tool-audit/file-artifact-audit.spec.ts,"Animated GIF is rejected before processing; JPG, PNG, WebP, and renamed-input output signatures, MIME types, extensions, and requested dimensions passed parsed-artifact tests.",KEEP with the supported static JPG/PNG/WebP contract.,GIF handling is deliberately conservative and rejects static as well as animated GIFs; browser artifact coverage is Chromium-only.
PNG to PDF Converter,/convert/png-to-pdf,convert,live,YES,YES,NO,YES,YES,WORKING_IN_TESTED_SCOPE,PASS,PASS; transparent 160×120 PNG → nonempty readable one-page PDF. Page count verified; rendered alpha appearance not independently compared. output_verified=true,"A readable artifact satisfying the route's stated format, dimensions, page, transparency, animation, and naming contract for the tested input",Observed and independently parsed: PASS; transparent 160×120 PNG → nonempty readable one-page PDF. Page count verified; rendered alpha appearance not independently compared. output_verified=true,TRUE,PASS,UNVERIFIED,PARTIAL,browser-local pdf-lib; page sizing/margins; batch ordering untested,browser-local pdf-lib; page sizing/margins; batch ordering untested,browser-local pdf-lib; page sizing/margins; batch ordering untested,UNKNOWN,UNKNOWN,UNKNOWN,UNKNOWN,25,UNKNOWN,5,12,7,UNKNOWN,KEEP,,No confirmed defect in the tested scope; see known limitations and unverified gaps,reports/audits/tool-integrity/files-images-pdf.md; tests/e2e/tool-audit/file-artifact-audit.spec.ts; PASS; transparent 160×120 PNG → nonempty readable one-page PDF. Page count verified; rendered alpha appearance not independently compared. output_verified=true,Retain current URL/indexation; validate demand with GSC before promotion or content expansion,"Retain the tool, address the documented limitations, and add missing mobile/accessibility/output evidence before promotion: browser-local pdf-lib; page sizing/margins; batch ordering untested",No confirmed defect in the tested scope; see known limitations and unverified gaps,NOT_IN_P0_P1_SCOPE,—,—,Historical audit evidence retained; this row was not reclassified in the P0/P1 remediation wave.,KEEP,browser-local pdf-lib; page sizing/margins; batch ordering untested
Word to PDF Converter,/convert/word-to-pdf,convert,live,YES,YES,NO,YES,YES,UNVERIFIED_END_TO_END,UNVERIFIED,UNVERIFIED; existing browser test is explicitly skipped. Source path is DOCX → Mammoth HTML → sanitized preview → html-to-pdfmake/pdfmake. Legacy .doc is accepted by UI/registry but Mammoth does not provide legacy binary DOC conversion. output_verified=false,"A readable artifact satisfying the route's stated format, dimensions, page, transparency, animation, and naming contract for the tested input",UNVERIFIED end to end: UNVERIFIED; existing browser test is explicitly skipped. Source path is DOCX → Mammoth HTML → sanitized preview → html-to-pdfmake/pdfmake. Legacy .doc is accepted by UI/registry but Mammoth does not provide legacy binary DOC conversion. output_verified=false,FALSE,PARTIAL,UNVERIFIED,PARTIAL,"browser-local mammoth, html-to-pdfmake, pdfmake, sanitizer; complex layouts/fonts/headers/footers unsupported; 30s timeout","browser-local mammoth, html-to-pdfmake, pdfmake, sanitizer; complex layouts/fonts/headers/footers unsupported; 30s timeout","browser-local mammoth, html-to-pdfmake, pdfmake, sanitizer; complex layouts/fonts/headers/footers unsupported; 30s timeout",UNKNOWN,UNKNOWN,UNKNOWN,UNKNOWN,15,UNKNOWN,9,11,4,UNKNOWN,FIX,P2,FIX; P2; stop advertising .doc or add a real decoder; add artifact/text/layout corpus before treating as verified,reports/audits/tool-integrity/files-images-pdf.md; tests/e2e/tool-audit/file-artifact-audit.spec.ts; UNVERIFIED; existing browser test is explicitly skipped. Source path is DOCX → Mammoth HTML → sanitized preview → html-to-pdfmake/pdfmake. Legacy .doc is accepted by UI/registry but Mammoth does not provide legacy binary DOC conversion. output_verified=false,Do not promote; retain current URL pending repair and demand/backlink evidence; reassess indexation only through a separate approved SEO change,"Repair or narrow the user-visible promise before promotion, then add an independent regression for this documented limitation: FIX; P2; stop advertising .doc or add a real decoder; add artifact/text/layout corpus before treating as verified",FIX; P2; stop advertising .doc or add a real decoder; add artifact/text/layout corpus before treating as verified,NOT_IN_P0_P1_SCOPE,—,—,Historical audit evidence retained; this row was not reclassified in the P0/P1 remediation wave.,FIX,"browser-local mammoth, html-to-pdfmake, pdfmake, sanitizer; complex layouts/fonts/headers/footers unsupported; 30s timeout"
Word Counter,/text/word-counter,text,live,YES,YES,YES,YES,YES,WORKING_WITH_UNVERIFIED_OR_DEFECTIVE_EDGES,PARTIAL,"Input: 10,000 occurrences of café😀, two newlines, then 終わり. Expected/actual: 10,001 words and 2 paragraphs; both matched (output_verified=true). Source inspection shows character totals use JavaScript string length and average word length strips non-ASCII characters; the advertised abbreviation-aware sentence behavior is a simple boundary split. Desktop large-input interaction passed. Mobile, copy, all sentence abbreviations, and performance/memory ceilings remain unverified. Evidence: components/tools/WordCounter.tsx, integrity spec lines 37–46.",Behavior promised by the UI/copy or deterministic contract for the tested input; the evidence ledger states exact expected values where independently asserted,"Observed and independently asserted: Input: 10,000 occurrences of café😀, two newlines, then 終わり. Expected/actual: 10,001 words and 2 paragraphs; both matched (output_verified=true). Source inspection shows character totals use JavaScript string length and average word length strips non-ASCII characters; the advertised abbreviation-aware sentence behavior is a simple boundary split. Desktop large-input interaction passed. Mobile, copy, all sentence abbreviations, and performance/memory ceilings remain unverified. Evidence: components/tools/WordCounter.tsx, integrity spec lines 37–46.",TRUE,PASS,UNVERIFIED,PARTIAL,Browser-local; no runtime upload observed,No runtime external service observed,"Large Unicode/multiline word and paragraph totals work, but “characters” are UTF-16 units and sentence/average-length claims overstate the parser.",UNKNOWN,UNKNOWN,UNKNOWN,UNKNOWN,24,UNKNOWN,5,14,9,UNKNOWN,FIX,P2,"Large Unicode/multiline word and paragraph totals work, but “characters” are UTF-16 units and sentence/average-length claims overstate the parser.","reports/audits/tool-integrity/text-dev-time-type-play.md; tests/e2e/tool-audit/text-play-integrity.spec.ts; tests/e2e/tool-audit/time-type-smoke.spec.ts; Large Unicode/multiline word and paragraph totals work, but “characters” are UTF-16 units and sentence/average-length claims overstate the parser.",Do not promote; retain current URL pending repair and demand/backlink evidence; reassess indexation only through a separate approved SEO change,"Repair or narrow the user-visible promise before promotion, then add an independent regression for this documented limitation: Large Unicode/multiline word and paragraph totals work, but “characters” are UTF-16 units and sentence/average-length claims overstate the parser.","Large Unicode/multiline word and paragraph totals work, but “characters” are UTF-16 units and sentence/average-length claims overstate the parser.",NOT_IN_P0_P1_SCOPE,—,—,Historical audit evidence retained; this row was not reclassified in the P0/P1 remediation wave.,FIX,"Large Unicode/multiline word and paragraph totals work, but “characters” are UTF-16 units and sentence/average-length claims overstate the parser."
Case Converter,/text/case-converter,text,live,YES,YES,NO,YES,YES,CORE_DEFECT_OR_HARD_GATE,FAIL,"Input: the art of war, Title Case. Expected from the page copy: The Art of War; actual: The Art Of War (output_verified=true). Upper/lower/developer case variants were inspected but not exhaustively executed. Evidence: components/tools/CaseConverter.tsx, lib/tools.ts, integrity spec lines 14–22.",Rule-aware title case converts ‘the art of war’ to ‘The Art of War’,Displayed ‘The Art Of War’,TRUE,PASS,UNVERIFIED,PARTIAL,Browser-local; no runtime upload observed,No runtime external service observed,Promised rule-aware title case is not implemented.,UNKNOWN,UNKNOWN,UNKNOWN,UNKNOWN,12,UNKNOWN,4,13,8,UNKNOWN,FIX,P1,Promised rule-aware title case is not implemented.,reports/audits/tool-integrity/text-dev-time-type-play.md; tests/e2e/tool-audit/text-play-integrity.spec.ts; tests/e2e/tool-audit/time-type-smoke.spec.ts; Promised rule-aware title case is not implemented.,Do not promote; retain current URL pending repair and demand/backlink evidence; reassess indexation only through a separate approved SEO change,"Implement the promised rule-aware title-case policy with documented small-word and punctuation behavior, or narrow the public promise to simple capitalization; add Unicode/title regressions",Promised rule-aware title case is not implemented.,FIXED,components/tools/CaseConverter.tsx; lib/p1-remediation/title-case.ts,tests/p1-typing-numble.test.mjs; tests/e2e/p1-typing-numble.spec.ts; tests/e2e/tool-audit/text-play-integrity.spec.ts,"Rule-aware output preserves Unicode, punctuation, acronyms, hyphenation, and multiline input while keeping ordinary minor words lowercase away from boundaries.",KEEP with the documented house-style title-case rules; do not claim conformance to a named style manual.,Title casing is an explicit house style; specialized publication style guides may differ.
Lorem Ipsum Generator,/text/lorem-generator,text,live,YES,YES,NO,YES,YES,WORKING_WITH_UNVERIFIED_OR_DEFECTIVE_EDGES,PARTIAL,"Source-inspected edge bounds are 1–100 and the generator creates the selected number of paragraphs, sentences, or whitespace words. Expected/actual browser output counts and clipboard output were not independently asserted (output_verified=false), so this remains PARTIAL. Evidence: components/tools/LoremGenerator.tsx.",Behavior promised by the UI/copy or deterministic contract for the tested input; the evidence ledger states exact expected values where independently asserted,"UNVERIFIED exact output; source/shape evidence only: Source-inspected edge bounds are 1–100 and the generator creates the selected number of paragraphs, sentences, or whitespace words. Expected/actual browser output counts and clipboard output were not independently asserted (output_verified=false), so this remains PARTIAL. Evidence: components/tools/LoremGenerator.tsx.",FALSE,PASS,UNVERIFIED,PARTIAL,Browser-local; no runtime upload observed,No runtime external service observed,Source logic honors count/type bounds; full browser count/copy matrix was not executed.,UNKNOWN,UNKNOWN,UNKNOWN,UNKNOWN,26,UNKNOWN,3,11,9,UNKNOWN,KEEP,,No confirmed defect in the tested scope; see known limitations and unverified gaps,reports/audits/tool-integrity/text-dev-time-type-play.md; tests/e2e/tool-audit/text-play-integrity.spec.ts; tests/e2e/tool-audit/time-type-smoke.spec.ts; Source logic honors count/type bounds; full browser count/copy matrix was not executed.,Retain current URL/indexation; validate demand with GSC before promotion or content expansion,"Retain the tool, address the documented limitations, and add missing mobile/accessibility/output evidence before promotion: Source logic honors count/type bounds; full browser count/copy matrix was not executed.",No confirmed defect in the tested scope; see known limitations and unverified gaps,NOT_IN_P0_P1_SCOPE,—,—,Historical audit evidence retained; this row was not reclassified in the P0/P1 remediation wave.,KEEP,Source logic honors count/type bounds; full browser count/copy matrix was not executed.
Remove Line Breaks,/text/remove-line-breaks,text,live,YES,YES,NO,YES,YES,WORKING_WITH_UNVERIFIED_OR_DEFECTIVE_EDGES,PARTIAL,"Source-inspected input a\n\nb produces a b for Remove Line Breaks/Clean All; the control itself says it joins all lines. This conflicts with SEO copy saying intentional paragraph structure can be retained by that operation. Calculation is deterministic but not browser- asserted here (output_verified=false). Paste/copy permission behavior and CR-only newlines remain unverified. Evidence: components/tools/RemoveLineBreaks.tsx, lib/tools.ts.",Behavior promised by the UI/copy or deterministic contract for the tested input; the evidence ledger states exact expected values where independently asserted,"UNVERIFIED exact output; source/shape evidence only: Source-inspected input a\n\nb produces a b for Remove Line Breaks/Clean All; the control itself says it joins all lines. This conflicts with SEO copy saying intentional paragraph structure can be retained by that operation. Calculation is deterministic but not browser- asserted here (output_verified=false). Paste/copy permission behavior and CR-only newlines remain unverified. Evidence: components/tools/RemoveLineBreaks.tsx, lib/tools.ts.",FALSE,PASS,UNVERIFIED,PARTIAL,Browser-local; no runtime upload observed,No runtime external service observed,"Operations are deterministic, but public copy says paragraph breaks can be retained while lineBreaks joins every newline.",UNKNOWN,UNKNOWN,UNKNOWN,UNKNOWN,23,UNKNOWN,4,13,9,UNKNOWN,FIX,P2,"Operations are deterministic, but public copy says paragraph breaks can be retained while lineBreaks joins every newline.","reports/audits/tool-integrity/text-dev-time-type-play.md; tests/e2e/tool-audit/text-play-integrity.spec.ts; tests/e2e/tool-audit/time-type-smoke.spec.ts; Operations are deterministic, but public copy says paragraph breaks can be retained while lineBreaks joins every newline.",Do not promote; retain current URL pending repair and demand/backlink evidence; reassess indexation only through a separate approved SEO change,"Repair or narrow the user-visible promise before promotion, then add an independent regression for this documented limitation: Operations are deterministic, but public copy says paragraph breaks can be retained while lineBreaks joins every newline.","Operations are deterministic, but public copy says paragraph breaks can be retained while lineBreaks joins every newline.",NOT_IN_P0_P1_SCOPE,—,—,Historical audit evidence retained; this row was not reclassified in the P0/P1 remediation wave.,FIX,"Operations are deterministic, but public copy says paragraph breaks can be retained while lineBreaks joins every newline."
Text to Slug,/text/text-to-slug,text,live,YES,YES,NO,YES,YES,CORE_DEFECT_OR_HARD_GATE,FAIL,"Input: 日本語 😀. Expected under “convert any text”: a useful URL-safe representation or a disclosed unsupported-language error; actual: empty placeholder and disabled Copy (output_verified=true). Latin accents are normalized in source; non-Latin transliteration is absent. Evidence: components/tools/TextToSlug.tsx, integrity spec lines 48–54.",Behavior promised by the UI/copy or deterministic contract for the tested input; the evidence ledger states exact expected values where independently asserted,"Observed and independently asserted: Input: 日本語 😀. Expected under “convert any text”: a useful URL-safe representation or a disclosed unsupported-language error; actual: empty placeholder and disabled Copy (output_verified=true). Latin accents are normalized in source; non-Latin transliteration is absent. Evidence: components/tools/TextToSlug.tsx, integrity spec lines 48–54.",TRUE,PASS,UNVERIFIED,PARTIAL,Browser-local; no runtime upload observed,No runtime external service observed,“Any text” can become an empty slug for non-Latin input.,UNKNOWN,UNKNOWN,UNKNOWN,UNKNOWN,17,UNKNOWN,4,12,9,UNKNOWN,FIX,P2,“Any text” can become an empty slug for non-Latin input.,reports/audits/tool-integrity/text-dev-time-type-play.md; tests/e2e/tool-audit/text-play-integrity.spec.ts; tests/e2e/tool-audit/time-type-smoke.spec.ts; “Any text” can become an empty slug for non-Latin input.,Do not promote; retain current URL pending repair and demand/backlink evidence; reassess indexation only through a separate approved SEO change,"Repair or narrow the user-visible promise before promotion, then add an independent regression for this documented limitation: “Any text” can become an empty slug for non-Latin input.",“Any text” can become an empty slug for non-Latin input.,NOT_IN_P0_P1_SCOPE,—,—,Historical audit evidence retained; this row was not reclassified in the P0/P1 remediation wave.,FIX,“Any text” can become an empty slug for non-Latin input.
Character Counter,/text/character-counter,text,live,YES,YES,NO,YES,YES,CORE_DEFECT_OR_HARD_GATE,FAIL,"Input: A👩‍💻é\n世. Expected grapheme count: 5; actual displayed characters: 9 UTF-16 code units (output_verified=true, independently counted with Intl.Segmenter). Platform limits therefore mislead for emoji-rich content. Evidence: components/tools/CharacterCounter.tsx, integrity spec lines 24–35.",Behavior promised by the UI/copy or deterministic contract for the tested input; the evidence ledger states exact expected values where independently asserted,"Observed and independently asserted: Input: A👩‍💻é\n世. Expected grapheme count: 5; actual displayed characters: 9 UTF-16 code units (output_verified=true, independently counted with Intl.Segmenter). Platform limits therefore mislead for emoji-rich content. Evidence: components/tools/CharacterCounter.tsx, integrity spec lines 24–35.",TRUE,PASS,UNVERIFIED,PARTIAL,Browser-local; no runtime upload observed,No runtime external service observed,"Emoji/ZWJ characters are counted as UTF-16 code units, not user-perceived characters.",UNKNOWN,UNKNOWN,UNKNOWN,UNKNOWN,20,UNKNOWN,3,13,9,UNKNOWN,FIX,P2,"Emoji/ZWJ characters are counted as UTF-16 code units, not user-perceived characters.","reports/audits/tool-integrity/text-dev-time-type-play.md; tests/e2e/tool-audit/text-play-integrity.spec.ts; tests/e2e/tool-audit/time-type-smoke.spec.ts; Emoji/ZWJ characters are counted as UTF-16 code units, not user-perceived characters.",Do not promote; retain current URL pending repair and demand/backlink evidence; reassess indexation only through a separate approved SEO change,"Repair or narrow the user-visible promise before promotion, then add an independent regression for this documented limitation: Emoji/ZWJ characters are counted as UTF-16 code units, not user-perceived characters.","Emoji/ZWJ characters are counted as UTF-16 code units, not user-perceived characters.",NOT_IN_P0_P1_SCOPE,—,—,Historical audit evidence retained; this row was not reclassified in the P0/P1 remediation wave.,FIX,"Emoji/ZWJ characters are counted as UTF-16 code units, not user-perceived characters."
JSON Formatter,/dev/json-formatter,dev,live,YES,YES,YES,YES,YES,WORKING_WITH_UNVERIFIED_OR_DEFECTIVE_EDGES,PARTIAL,"Input first {""emoji"":""😀"",""lines"":[1,2]}, then {. Expected: valid formatted object, then invalid state without a usable prior result. Actual: parse-correct formatted JSON followed by Invalid JSON while the old formatted output remains (output_verified=true). Evidence: components/tools/JsonFormatter.tsx, integrity spec lines 77–89.",Behavior promised by the UI/copy or deterministic contract for the tested input; the evidence ledger states exact expected values where independently asserted,"Observed and independently asserted: Input first {""emoji"":""😀"",""lines"":[1,2]}, then {. Expected: valid formatted object, then invalid state without a usable prior result. Actual: parse-correct formatted JSON followed by Invalid JSON while the old formatted output remains (output_verified=true). Evidence: components/tools/JsonFormatter.tsx, integrity spec lines 77–89.",TRUE,PASS,UNVERIFIED,PARTIAL,Browser-local; no runtime upload observed,No runtime external service observed,"Valid Unicode JSON formats correctly, but invalid input leaves a stale valid output visible.",UNKNOWN,UNKNOWN,UNKNOWN,UNKNOWN,22,UNKNOWN,5,13,8,UNKNOWN,FIX,P2,"Valid Unicode JSON formats correctly, but invalid input leaves a stale valid output visible.","reports/audits/tool-integrity/text-dev-time-type-play.md; tests/e2e/tool-audit/text-play-integrity.spec.ts; tests/e2e/tool-audit/time-type-smoke.spec.ts; Valid Unicode JSON formats correctly, but invalid input leaves a stale valid output visible.",Do not promote; retain current URL pending repair and demand/backlink evidence; reassess indexation only through a separate approved SEO change,"Repair or narrow the user-visible promise before promotion, then add an independent regression for this documented limitation: Valid Unicode JSON formats correctly, but invalid input leaves a stale valid output visible.","Valid Unicode JSON formats correctly, but invalid input leaves a stale valid output visible.",NOT_IN_P0_P1_SCOPE,—,—,Historical audit evidence retained; this row was not reclassified in the P0/P1 remediation wave.,FIX,"Valid Unicode JSON formats correctly, but invalid input leaves a stale valid output visible."
Find & Replace,/text/find-and-replace,text,live,YES,YES,NO,YES,YES,WORKING_WITH_UNVERIFIED_OR_DEFECTIVE_EDGES,PARTIAL,"Literal escaping, case sensitivity, regex compile errors, match count, clear, and copy paths were source-inspected. Expected Unicode whole-word matching for values such as café; actual construction uses ASCII \\b...\\b, which can miss boundaries where the final character is non-ASCII (output_verified=false; no browser assertion). Evidence: components/tools/FindAndReplace.tsx.",Behavior promised by the UI/copy or deterministic contract for the tested input; the evidence ledger states exact expected values where independently asserted,"UNVERIFIED exact output; source/shape evidence only: Literal escaping, case sensitivity, regex compile errors, match count, clear, and copy paths were source-inspected. Expected Unicode whole-word matching for values such as café; actual construction uses ASCII \\b...\\b, which can miss boundaries where the final character is non-ASCII (output_verified=false; no browser assertion). Evidence: components/tools/FindAndReplace.tsx.",FALSE,PASS,UNVERIFIED,PARTIAL,Browser-local; no runtime upload observed,No runtime external service observed,"Literal/regex paths are coherent and regex errors surface, but \b whole-word behavior is ASCII-centric for Unicode text.",UNKNOWN,UNKNOWN,UNKNOWN,UNKNOWN,22,UNKNOWN,5,13,8,UNKNOWN,FIX,P2,"Literal/regex paths are coherent and regex errors surface, but \b whole-word behavior is ASCII-centric for Unicode text.","reports/audits/tool-integrity/text-dev-time-type-play.md; tests/e2e/tool-audit/text-play-integrity.spec.ts; tests/e2e/tool-audit/time-type-smoke.spec.ts; Literal/regex paths are coherent and regex errors surface, but \b whole-word behavior is ASCII-centric for Unicode text.",Do not promote; retain current URL pending repair and demand/backlink evidence; reassess indexation only through a separate approved SEO change,"Repair or narrow the user-visible promise before promotion, then add an independent regression for this documented limitation: Literal/regex paths are coherent and regex errors surface, but \b whole-word behavior is ASCII-centric for Unicode text.","Literal/regex paths are coherent and regex errors surface, but \b whole-word behavior is ASCII-centric for Unicode text.",NOT_IN_P0_P1_SCOPE,—,—,Historical audit evidence retained; this row was not reclassified in the P0/P1 remediation wave.,FIX,"Literal/regex paths are coherent and regex errors surface, but \b whole-word behavior is ASCII-centric for Unicode text."
Sort Lines,/text/sort-lines,text,live,YES,YES,NO,YES,YES,WORKING_WITH_UNVERIFIED_OR_DEFECTIVE_EDGES,PARTIAL,"Source cases cover case-insensitive locale A–Z/Z–A, UTF-16 length sorting, exact-string dedupe, blank-line removal, and Fisher–Yates shuffle. No independently asserted browser output, mobile/copy result, or locale matrix (output_verified=false). Evidence: components/tools/SortLines.tsx.",Behavior promised by the UI/copy or deterministic contract for the tested input; the evidence ledger states exact expected values where independently asserted,"UNVERIFIED exact output; source/shape evidence only: Source cases cover case-insensitive locale A–Z/Z–A, UTF-16 length sorting, exact-string dedupe, blank-line removal, and Fisher–Yates shuffle. No independently asserted browser output, mobile/copy result, or locale matrix (output_verified=false). Evidence: components/tools/SortLines.tsx.",FALSE,PASS,UNVERIFIED,PARTIAL,Browser-local; no runtime upload observed,No runtime external service observed,"A–Z/Z–A, length, dedupe, and shuffle logic are present; direct edge/copy assertions remain.",UNKNOWN,UNKNOWN,UNKNOWN,UNKNOWN,25,UNKNOWN,4,11,9,UNKNOWN,KEEP,,No confirmed defect in the tested scope; see known limitations and unverified gaps,"reports/audits/tool-integrity/text-dev-time-type-play.md; tests/e2e/tool-audit/text-play-integrity.spec.ts; tests/e2e/tool-audit/time-type-smoke.spec.ts; A–Z/Z–A, length, dedupe, and shuffle logic are present; direct edge/copy assertions remain.",Retain current URL/indexation; validate demand with GSC before promotion or content expansion,"Retain the tool, address the documented limitations, and add missing mobile/accessibility/output evidence before promotion: A–Z/Z–A, length, dedupe, and shuffle logic are present; direct edge/copy assertions remain.",No confirmed defect in the tested scope; see known limitations and unverified gaps,NOT_IN_P0_P1_SCOPE,—,—,Historical audit evidence retained; this row was not reclassified in the P0/P1 remediation wave.,KEEP,"A–Z/Z–A, length, dedupe, and shuffle logic are present; direct edge/copy assertions remain."
Base64 Encode / Decode,/dev/base64,dev,live,YES,YES,YES,YES,YES,WORKING_IN_TESTED_SCOPE,PASS,"Input café 😀\n第二行; expected independent UTF-8 Base64 and exact inverse. Both matched (output_verified=true). Binary file/Base64url are not promised and were not tested; clipboard remains a gap. Evidence: components/tools/Base64Tool.tsx, integrity spec lines 56–75.",Behavior promised by the UI/copy or deterministic contract for the tested input; the evidence ledger states exact expected values where independently asserted,"Observed and independently asserted: Input café 😀\n第二行; expected independent UTF-8 Base64 and exact inverse. Both matched (output_verified=true). Binary file/Base64url are not promised and were not tested; clipboard remains a gap. Evidence: components/tools/Base64Tool.tsx, integrity spec lines 56–75.",TRUE,PASS,UNVERIFIED,PARTIAL,Browser-local; no runtime upload observed,No runtime external service observed,"Independent UTF-8 Base64 round-trip passed for accents, emoji, and multiline CJK.",UNKNOWN,UNKNOWN,UNKNOWN,UNKNOWN,29,UNKNOWN,4,13,9,UNKNOWN,KEEP,,No confirmed defect in the tested scope; see known limitations and unverified gaps,"reports/audits/tool-integrity/text-dev-time-type-play.md; tests/e2e/tool-audit/text-play-integrity.spec.ts; tests/e2e/tool-audit/time-type-smoke.spec.ts; Independent UTF-8 Base64 round-trip passed for accents, emoji, and multiline CJK.",Retain current URL/indexation; validate demand with GSC before promotion or content expansion,"Retain the tool, address the documented limitations, and add missing mobile/accessibility/output evidence before promotion: Independent UTF-8 Base64 round-trip passed for accents, emoji, and multiline CJK.",No confirmed defect in the tested scope; see known limitations and unverified gaps,NOT_IN_P0_P1_SCOPE,—,—,Historical audit evidence retained; this row was not reclassified in the P0/P1 remediation wave.,KEEP,"Independent UTF-8 Base64 round-trip passed for accents, emoji, and multiline CJK."
Password Generator,/generate/password,generate,live,YES,YES,YES,YES,YES,CORE_DEFECT_OR_HARD_GATE,FAIL,"Length 128 with all four categories and exclusion enabled produced 128 characters, at least one from each category, and none of 0O1lI (output_verified=true). Security claims still fail source validation: uint32 % max introduces modulo bias; forced-category generation plus shuffle is not the displayed length × log2(pool) distribution; pool size subtracts eight although only five ambiguous characters are listed (and not all five exist in every enabled pool). Crack-time output inherits the incorrect entropy. Evidence: components/tools/PasswordGenerator.tsx, integrity spec lines 109–127.",Generated passwords satisfy selected constraints and any displayed entropy/crack-time estimate reflects the actual unbiased constrained distribution,"Character constraints passed, but modulo selection and incorrect pool/forced-category math make entropy and crack-time unreliable",TRUE,PASS,UNVERIFIED,PARTIAL,Browser-local; no runtime upload observed,No runtime external service observed,"Generated constraints pass, but biased selection and incorrect entropy/pool math make the security-strength output unreliable.",UNKNOWN,UNKNOWN,UNKNOWN,UNKNOWN,14,UNKNOWN,5,14,7,UNKNOWN,FIX,P1,"Generated constraints pass, but biased selection and incorrect entropy/pool math make the security-strength output unreliable.","reports/audits/tool-integrity/text-dev-time-type-play.md; tests/e2e/tool-audit/text-play-integrity.spec.ts; tests/e2e/tool-audit/time-type-smoke.spec.ts; Generated constraints pass, but biased selection and incorrect entropy/pool math make the security-strength output unreliable.",Do not promote; retain current URL pending repair and demand/backlink evidence; reassess indexation only through a separate approved SEO change,Remove modulo bias with rejection sampling and calculate entropy from the actual constrained generation distribution/pool; correct ambiguous-character accounting and do not show crack-time claims until validated,"Generated constraints pass, but biased selection and incorrect entropy/pool math make the security-strength output unreliable.",FIXED,components/tools/PasswordGenerator.tsx; lib/p1-remediation/secure-random.ts,tests/p1-generator-randomness.test.mjs; tests/e2e/tool-audit/text-play-integrity.spec.ts,Web Crypto Uint32 values use rejection sampling; whole password candidates are uniformly conditioned on every selected class appearing; exact valid-set bits use inclusion-exclusion; deterministic suite 7/7 passed.,"KEEP; describe exact search-space bits, not crack time or universal security strength.","Requires Web Crypto in a supported secure browser context; entropy does not address reuse, phishing, leakage, or service-side attack controls."
Random Number Generator,/generate/random-number,generate,live,YES,YES,NO,YES,YES,CORE_DEFECT_OR_HARD_GATE,FAIL,"Input min 0, max 5,000,000,000, count 1 with deterministic maximum Uint32. Expected: every value in the advertised range should be reachable; actual maximum source value maps to 4,294,967,295, so the upper 705,032,705 values are unreachable (output_verified=true). Smaller non-power-of-two ranges are also modulo-biased. Evidence: components/tools/RandomNumberGenerator.tsx, integrity spec lines 129–150.","Every integer in 0…5,000,000,000 is reachable with uniform probability","A single Uint32 modulo source can never produce values above 4,294,967,295 and is biased for non-power-of-two ranges",TRUE,PASS,UNVERIFIED,PARTIAL,Browser-local; no runtime upload observed,No runtime external service observed,Modulo reduction is biased and ranges wider than 2^32 contain unreachable advertised values.,UNKNOWN,UNKNOWN,UNKNOWN,UNKNOWN,10,UNKNOWN,3,12,8,UNKNOWN,FIX,P1,Modulo reduction is biased and ranges wider than 2^32 contain unreachable advertised values.,reports/audits/tool-integrity/text-dev-time-type-play.md; tests/e2e/tool-audit/text-play-integrity.spec.ts; tests/e2e/tool-audit/time-type-smoke.spec.ts; Modulo reduction is biased and ranges wider than 2^32 contain unreachable advertised values.,Do not promote; retain current URL pending repair and demand/backlink evidence; reassess indexation only through a separate approved SEO change,"Use unbiased rejection sampling with enough random words for the requested range, reject unsupported ranges, and add reachability/distribution tests before claiming uniform fairness",Modulo reduction is biased and ranges wider than 2^32 contain unreachable advertised values.,FIXED,components/tools/RandomNumberGenerator.tsx; lib/p1-remediation/secure-random.ts,tests/p1-generator-randomness.test.mjs; tests/e2e/tool-audit/text-play-integrity.spec.ts,"Inclusive endpoints use unbiased Uint32 rejection sampling; equal, negative, reversed, decimal, unsafe, over-wide, and unique-capacity cases are deterministic; width is capped at 2^32.",KEEP with explicit inclusive safe-integer bounds and the 2^32 range-width cap.,Requires Web Crypto in a supported secure browser context; range width is intentionally bounded.
Color Picker,/dev/color-picker,dev,live,YES,YES,YES,YES,YES,WORKING_WITH_UNVERIFIED_OR_DEFECTIVE_EDGES,PARTIAL,"Conversion formulas and synchronized HEX/RGB/HSL controls were source-inspected. Invalid HEX can remain in the input while preview state silently stays at the last valid color, with no error (output_verified=false). Contrast interpretation, alpha, wide-gamut colors, eyedropper support, copy, and mobile controls remain unverified. Evidence: components/tools/ColorPicker.tsx.",Behavior promised by the UI/copy or deterministic contract for the tested input; the evidence ledger states exact expected values where independently asserted,"UNVERIFIED exact output; source/shape evidence only: Conversion formulas and synchronized HEX/RGB/HSL controls were source-inspected. Invalid HEX can remain in the input while preview state silently stays at the last valid color, with no error (output_verified=false). Contrast interpretation, alpha, wide-gamut colors, eyedropper support, copy, and mobile controls remain unverified. Evidence: components/tools/ColorPicker.tsx.",FALSE,PASS,UNVERIFIED,PARTIAL,Browser-local; no runtime upload observed,No runtime external service observed,Conversion source paths are coherent; invalid HEX remains displayed while the swatch silently retains the prior valid color.,UNKNOWN,UNKNOWN,UNKNOWN,UNKNOWN,24,UNKNOWN,4,12,9,UNKNOWN,FIX,P3,Conversion source paths are coherent; invalid HEX remains displayed while the swatch silently retains the prior valid color.,reports/audits/tool-integrity/text-dev-time-type-play.md; tests/e2e/tool-audit/text-play-integrity.spec.ts; tests/e2e/tool-audit/time-type-smoke.spec.ts; Conversion source paths are coherent; invalid HEX remains displayed while the swatch silently retains the prior valid color.,Do not promote; retain current URL pending repair and demand/backlink evidence; reassess indexation only through a separate approved SEO change,"Repair or narrow the user-visible promise before promotion, then add an independent regression for this documented limitation: Conversion source paths are coherent; invalid HEX remains displayed while the swatch silently retains the prior valid color.",Conversion source paths are coherent; invalid HEX remains displayed while the swatch silently retains the prior valid color.,NOT_IN_P0_P1_SCOPE,—,—,Historical audit evidence retained; this row was not reclassified in the P0/P1 remediation wave.,FIX,Conversion source paths are coherent; invalid HEX remains displayed while the swatch silently retains the prior valid color.
Percentage Calculator,/calc/percentage,calc,live,YES,YES,NO,YES,YES,WORKING_WITH_UNVERIFIED_OR_DEFECTIVE_EDGES,PARTIAL,15% of 200; 30 is ?% of 200; zero denominator; negative baseline; decimal,Independent formula/domain result for the tested inputs; comparison evidence uses expected → observed: 30 → 30; 15% → 15%; division by zero is handled. Change from -100 to -50 is labeled as a decrease although sign-sensitive semantics are ambiguous. Copy is present.,Observed browser/source result and audit comparison: 30 → 30; 15% → 15%; division by zero is handled. Change from -100 to -50 is labeled as a decrease although sign-sensitive semantics are ambiguous. Copy is present.,TRUE,PASS,UNVERIFIED,PARTIAL,Browser-local calculation; no input upload or persistence observed,No runtime service; embedded formulas/reference data require maintenance ownership,30 → 30; 15% → 15%; division by zero is handled. Change from -100 to -50 is labeled as a decrease although sign-sensitive semantics are ambiguous. Copy is present.,UNKNOWN,UNKNOWN,UNKNOWN,UNKNOWN,28,UNKNOWN,15,15,9,UNKNOWN,KEEP,P3,30 → 30; 15% → 15%; division by zero is handled. Change from -100 to -50 is labeled as a decrease although sign-sensitive semantics are ambiguous. Copy is present.,reports/audits/tool-integrity/calculators.md; tests/e2e/tool-audit/functional-smoke.spec.ts; tests/e2e/tool-audit/unit-converter-smoke.spec.ts; 30 → 30; 15% → 15%; division by zero is handled. Change from -100 to -50 is labeled as a decrease although sign-sensitive semantics are ambiguous. Copy is present.,Retain current URL/indexation; validate demand with GSC before promotion or content expansion,"Retain the tool, address the documented limitations, and add missing mobile/accessibility/output evidence before promotion: 30 → 30; 15% → 15%; division by zero is handled. Change from -100 to -50 is labeled as a decrease although sign-sensitive semantics are ambiguous. Copy is present.",30 → 30; 15% → 15%; division by zero is handled. Change from -100 to -50 is labeled as a decrease although sign-sensitive semantics are ambiguous. Copy is present.,NOT_IN_P0_P1_SCOPE,—,—,Historical audit evidence retained; this row was not reclassified in the P0/P1 remediation wave.,KEEP,30 → 30; 15% → 15%; division by zero is handled. Change from -100 to -50 is labeled as a decrease although sign-sensitive semantics are ambiguous. Copy is present.
Odds Calculator,/calc/odds-calculator,calc,live,YES,YES,YES,YES,YES,WORKING_IN_TESTED_SCOPE,PASS,"American +150, -110; decimal 1; two-leg +100/+100; $100 stake","Independent formula/domain result for the tested inputs; comparison evidence uses expected → observed: +150 → 2.50, 40%, $150 profit; -110 → 1.9091, 52.38%; parlay 4.00; decimal ≤1 rejected.","Observed browser/source result and audit comparison: +150 → 2.50, 40%, $150 profit; -110 → 1.9091, 52.38%; parlay 4.00; decimal ≤1 rejected.",TRUE,PASS,UNVERIFIED,PARTIAL,Browser-local calculation; no input upload or persistence observed,No runtime service; embedded formulas/reference data require maintenance ownership,"+150 → 2.50, 40%, $150 profit; -110 → 1.9091, 52.38%; parlay 4.00; decimal ≤1 rejected.",UNKNOWN,UNKNOWN,UNKNOWN,UNKNOWN,30,UNKNOWN,9,5,8,UNKNOWN,HIDE,,No confirmed defect in the tested scope; see known limitations and unverified gaps,"reports/audits/tool-integrity/calculators.md; tests/e2e/tool-audit/functional-smoke.spec.ts; tests/e2e/tool-audit/unit-converter-smoke.spec.ts; +150 → 2.50, 40%, $150 profit; -110 → 1.9091, 52.38%; parlay 4.00; decimal ≤1 rejected.","Keep the route out of promotion; any noindex, sitemap, navigation, or redirect change requires a separately approved SEO release after a responsible-gambling policy, jurisdiction/age scope, and demonstrated demand is verified.","Hide from public discovery and promotion pending a responsible-gambling policy, jurisdiction/age scope, and demonstrated demand; retain only a bounded review/status path and do not present the current behavior as a user-safe result.",No confirmed defect in the tested scope; see known limitations and unverified gaps,NOT_IN_P0_P1_SCOPE,—,—,Historical audit evidence retained; this row was not reclassified in the P0/P1 remediation wave.,KEEP,"+150 → 2.50, 40%, $150 profit; -110 → 1.9091, 52.38%; parlay 4.00; decimal ≤1 rejected."
Poker Calculator,/calc/poker,calc,live,YES,YES,NO,YES,YES,CORE_DEFECT_OR_HARD_GATE,FAIL,Pot odds; 9 outs; starting hands 72o/72s/A2o/AKs; empty amounts,Published heads-up starting-hand equities stay within the declared tolerance of an independent simulation/dataset,"Heuristic outputs included 72o 58%, 72s 61%, A2o 65%, and AKs 80%, differing materially from independent simulation",TRUE,PASS,UNVERIFIED,PARTIAL,Browser-local calculation; no input upload or persistence observed,No runtime service; embedded formulas/reference data require maintenance ownership,Pot-odds and outs formulas match independent math; starting-hand table differs by 10-24 points from simulation.,UNKNOWN,UNKNOWN,UNKNOWN,UNKNOWN,0,UNKNOWN,10,5,3,UNKNOWN,HIDE,P1,Pot-odds and outs formulas match independent math; starting-hand table differs by 10-24 points from simulation.,reports/audits/tool-integrity/calculators.md; tests/e2e/tool-audit/functional-smoke.spec.ts; tests/e2e/tool-audit/unit-converter-smoke.spec.ts; Pot-odds and outs formulas match independent math; starting-hand table differs by 10-24 points from simulation.,"Keep the route out of promotion; any noindex, sitemap, navigation, or redirect change requires a separately approved SEO release after a reproducible unbiased simulation and responsible-gambling policy is verified.",Hide from public discovery and promotion pending a reproducible unbiased simulation and responsible-gambling policy; retain only a bounded review/status path and do not present the current behavior as a user-safe result.,Pot-odds and outs formulas match independent math; starting-hand table differs by 10-24 points from simulation.,CONTAINED,app/calc/poker/page.tsx; components/tools/PokerCalculator.tsx; lib/tools.ts; lib/search-index.ts; lib/site-structure.ts,tests/p1-high-risk-calculators.test.mjs; tests/e2e/p1-containment.spec.ts; tests/tool-integrity-discovery.test.mjs,Starting-hand heuristic and accuracy language were removed; direct route is a noindexed status notice with no calculator; all discovery projections exclude it.,HIDE until an enumerated or reproducible unbiased simulation passes reference scenarios and discloses sampling behavior.,A correct context-aware equity engine remains future work; hand ranking/reference code alone is not enough to relaunch the route.
Unit Converter,/calc/unit-converter,calc,live,YES,YES,NO,YES,YES,WORKING_IN_TESTED_SCOPE,PASS,1 m → 3.28084 ft,Independent formula/domain result for the tested inputs; comparison evidence uses expected → observed: Seven categories; binary storage is described. No physical-domain rejection.,Observed browser/source result and audit comparison: Seven categories; binary storage is described. No physical-domain rejection.,TRUE,PASS,UNVERIFIED,PARTIAL,Browser-local calculation; no input upload or persistence observed,No runtime service; embedded formulas/reference data require maintenance ownership,Seven categories; binary storage is described. No physical-domain rejection.,UNKNOWN,UNKNOWN,UNKNOWN,UNKNOWN,30,UNKNOWN,16,15,9,UNKNOWN,KEEP,,No confirmed defect in the tested scope; see known limitations and unverified gaps,reports/audits/tool-integrity/calculators.md; tests/e2e/tool-audit/functional-smoke.spec.ts; tests/e2e/tool-audit/unit-converter-smoke.spec.ts; Seven categories; binary storage is described. No physical-domain rejection.,Retain current URL/indexation; validate demand with GSC before promotion or content expansion,"Retain the tool, address the documented limitations, and add missing mobile/accessibility/output evidence before promotion: Seven categories; binary storage is described. No physical-domain rejection.",No confirmed defect in the tested scope; see known limitations and unverified gaps,NOT_IN_P0_P1_SCOPE,—,—,Historical audit evidence retained; this row was not reclassified in the P0/P1 remediation wave.,KEEP,Seven categories; binary storage is described. No physical-domain rejection.
URL Encoder / Decoder,/dev/url-encoder,dev,live,YES,YES,NO,YES,YES,WORKING_IN_TESTED_SCOPE,PASS,"Input café 😀\n第二行; expected encodeURIComponent(input) and exact decoded input. Both matched (output_verified=true). Malformed percent escapes and clipboard behavior remain unverified. Evidence: components/tools/UrlEncoderDecoder.tsx, integrity spec lines 56–75.",Behavior promised by the UI/copy or deterministic contract for the tested input; the evidence ledger states exact expected values where independently asserted,"Observed and independently asserted: Input café 😀\n第二行; expected encodeURIComponent(input) and exact decoded input. Both matched (output_verified=true). Malformed percent escapes and clipboard behavior remain unverified. Evidence: components/tools/UrlEncoderDecoder.tsx, integrity spec lines 56–75.",TRUE,PASS,UNVERIFIED,PARTIAL,Browser-local; no runtime upload observed,No runtime external service observed,"encodeURIComponent/decode round-trip passed for accents, emoji, newline, and CJK.",UNKNOWN,UNKNOWN,UNKNOWN,UNKNOWN,29,UNKNOWN,4,13,9,UNKNOWN,KEEP,,No confirmed defect in the tested scope; see known limitations and unverified gaps,"reports/audits/tool-integrity/text-dev-time-type-play.md; tests/e2e/tool-audit/text-play-integrity.spec.ts; tests/e2e/tool-audit/time-type-smoke.spec.ts; encodeURIComponent/decode round-trip passed for accents, emoji, newline, and CJK.",Retain current URL/indexation; validate demand with GSC before promotion or content expansion,"Retain the tool, address the documented limitations, and add missing mobile/accessibility/output evidence before promotion: encodeURIComponent/decode round-trip passed for accents, emoji, newline, and CJK.",No confirmed defect in the tested scope; see known limitations and unverified gaps,NOT_IN_P0_P1_SCOPE,—,—,Historical audit evidence retained; this row was not reclassified in the P0/P1 remediation wave.,KEEP,"encodeURIComponent/decode round-trip passed for accents, emoji, newline, and CJK."
Timer,/time/timer,time,live,YES,YES,YES,YES,YES,WORKING_WITH_UNVERIFIED_OR_DEFECTIVE_EDGES,PARTIAL,"Fake-clock input 2 seconds. Expected/actual: after 1.1 seconds the display was 00:01; two paused seconds did not count; after resume and 1.1 seconds it reached Time's Up! (output_verified=true). A later 390×844 Playwright audit found 6px document overflow: the fixed no-wrap custom-time row clips the primary Start button beyond the right viewport. This practically validates wall-clock/background recovery, though an actual OS-suspended tab, audio delivery, custom-input boundary entry, and mobile notifications remain unverified. Evidence: components/tools/TimerTool.tsx, integrity spec lines 152–176.","Countdown, pause/resume, completion, and the full primary Start action remain usable without document overflow at 390px","Wall-clock timing passed, but the custom-time row created 6px document overflow and clipped the Start button at 390×844",TRUE,PASS,FAIL,PARTIAL,Browser-local; no runtime upload observed,No runtime external service observed,"Fake-clock timing passes, but the custom-time row clips the Start button and creates 6px document overflow at 390px.",UNKNOWN,UNKNOWN,UNKNOWN,UNKNOWN,27,UNKNOWN,4,14,8,UNKNOWN,FIX,P2,The fixed custom-time row clips the primary Start button and creates 6px document overflow at a 390×844 viewport,"reports/audits/tool-integrity/text-dev-time-type-play.md; tests/e2e/tool-audit/text-play-integrity.spec.ts; tests/e2e/tool-audit/time-type-smoke.spec.ts; Fake-clock timing passes, but the custom-time row clips the Start button and creates 6px document overflow at 390px.; tests/e2e/tool-audit/representative-ux.spec.ts; reports/audits/tool-integrity/ux-accessibility-performance.md",Do not promote; retain current URL pending repair and demand/backlink evidence; reassess indexation only through a separate approved SEO change,"Reflow the custom-time controls at phone widths so the Start action stays fully visible, then add 320/375/390px document-overflow regressions while preserving the verified wall-clock timing behavior",The fixed custom-time row clips the primary Start button and creates 6px document overflow at a 390×844 viewport,NOT_IN_P0_P1_SCOPE,—,—,Historical audit evidence retained; this row was not reclassified in the P0/P1 remediation wave.,FIX,"Fake-clock timing passes, but the custom-time row clips the Start button and creates 6px document overflow at 390px."
Stopwatch,/time/stopwatch,time,live,YES,YES,YES,YES,YES,WORKING_IN_TESTED_SCOPE,PASS,"Fake-clock start 1.23 seconds, stop, advance 2 paused seconds, resume 0.5 seconds, stop. Expected/actual displays were approximately 1.2 then 1.7 seconds (output_verified=true). Lap/reset/mobile and OS suspension remain unverified. Evidence: components/tools/StopwatchTool.tsx, integrity spec lines 165–176.",Behavior promised by the UI/copy or deterministic contract for the tested input; the evidence ledger states exact expected values where independently asserted,"Observed and independently asserted: Fake-clock start 1.23 seconds, stop, advance 2 paused seconds, resume 0.5 seconds, stop. Expected/actual displays were approximately 1.2 then 1.7 seconds (output_verified=true). Lap/reset/mobile and OS suspension remain unverified. Evidence: components/tools/StopwatchTool.tsx, integrity spec lines 165–176.",TRUE,PASS,UNVERIFIED,PARTIAL,Browser-local; no runtime upload observed,No runtime external service observed,Fake-clock start/stop/resume retained elapsed time without counting the paused interval.,UNKNOWN,UNKNOWN,UNKNOWN,UNKNOWN,29,UNKNOWN,4,14,9,UNKNOWN,KEEP,,No confirmed defect in the tested scope; see known limitations and unverified gaps,reports/audits/tool-integrity/text-dev-time-type-play.md; tests/e2e/tool-audit/text-play-integrity.spec.ts; tests/e2e/tool-audit/time-type-smoke.spec.ts; Fake-clock start/stop/resume retained elapsed time without counting the paused interval.,Retain current URL/indexation; validate demand with GSC before promotion or content expansion,"Retain the tool, address the documented limitations, and add missing mobile/accessibility/output evidence before promotion: Fake-clock start/stop/resume retained elapsed time without counting the paused interval.",No confirmed defect in the tested scope; see known limitations and unverified gaps,NOT_IN_P0_P1_SCOPE,—,—,Historical audit evidence retained; this row was not reclassified in the P0/P1 remediation wave.,KEEP,Fake-clock start/stop/resume retained elapsed time without counting the paused interval.
Pomodoro Timer,/time/pomodoro,time,live,YES,YES,YES,YES,YES,WORKING_WITH_UNVERIFIED_OR_DEFECTIVE_EDGES,PARTIAL,"Existing state-transition test starts a session and exposes Pause/Skip; source uses Date.now() deltas. This is PARTIAL, not a completed-cycle assertion (output_verified=false). Numeric inputs rely on HTML min/max without handler clamping, and daily stats live only in component state. Full focus/break/long-break cycles, auto-start, background suspension, audio, reload persistence, and mobile remain unverified. Evidence: components/tools/PomodoroTool.tsx, tests/e2e/tool-audit/time-type-smoke.spec.ts.",Behavior promised by the UI/copy or deterministic contract for the tested input; the evidence ledger states exact expected values where independently asserted,"UNVERIFIED exact output; source/shape evidence only: Existing state-transition test starts a session and exposes Pause/Skip; source uses Date.now() deltas. This is PARTIAL, not a completed-cycle assertion (output_verified=false). Numeric inputs rely on HTML min/max without handler clamping, and daily stats live only in component state. Full focus/break/long-break cycles, auto-start, background suspension, audio, reload persistence, and mobile remain unverified. Evidence: components/tools/PomodoroTool.tsx, tests/e2e/tool-audit/time-type-smoke.spec.ts.",FALSE,PASS,UNVERIFIED,PARTIAL,Browser-local; no runtime upload observed,No runtime external service observed,Start/pause/skip state works and timing is wall-clock based; custom durations are not handler-clamped and “today” stats are reload-local.,UNKNOWN,UNKNOWN,UNKNOWN,UNKNOWN,23,UNKNOWN,5,14,8,UNKNOWN,FIX,P2,Start/pause/skip state works and timing is wall-clock based; custom durations are not handler-clamped and “today” stats are reload-local.,reports/audits/tool-integrity/text-dev-time-type-play.md; tests/e2e/tool-audit/text-play-integrity.spec.ts; tests/e2e/tool-audit/time-type-smoke.spec.ts; Start/pause/skip state works and timing is wall-clock based; custom durations are not handler-clamped and “today” stats are reload-local.,Do not promote; retain current URL pending repair and demand/backlink evidence; reassess indexation only through a separate approved SEO change,"Repair or narrow the user-visible promise before promotion, then add an independent regression for this documented limitation: Start/pause/skip state works and timing is wall-clock based; custom durations are not handler-clamped and “today” stats are reload-local.",Start/pause/skip state works and timing is wall-clock based; custom durations are not handler-clamped and “today” stats are reload-local.,NOT_IN_P0_P1_SCOPE,—,—,Historical audit evidence retained; this row was not reclassified in the P0/P1 remediation wave.,FIX,Start/pause/skip state works and timing is wall-clock based; custom durations are not handler-clamped and “today” stats are reload-local.
Age Calculator,/calc/age,calc,live,YES,YES,NO,YES,YES,CORE_DEFECT_OR_HARD_GATE,FAIL,1990-06-15 normal; 2026-01-31→2026-03-01; equal dates; future DOB; DST transition,2026-01-31 to 2026-03-01 yields 29 elapsed days and a non-negative documented calendar decomposition,"Displayed 0 years, 1 month, -2 days; local-midnight totals can also undercount across spring DST",TRUE,PASS,UNVERIFIED,PARTIAL,Browser-local calculation; no input upload or persistence observed,No runtime service; embedded formulas/reference data require maintenance ownership,Month-end expected non-negative decomposition → 0y 1m -2d; total days can undercount across spring DST. Empty/future states are handled.,UNKNOWN,UNKNOWN,UNKNOWN,UNKNOWN,12,UNKNOWN,16,15,6,UNKNOWN,FIX,P1,Month-end expected non-negative decomposition → 0y 1m -2d; total days can undercount across spring DST. Empty/future states are handled.,reports/audits/tool-integrity/calculators.md; tests/e2e/tool-audit/functional-smoke.spec.ts; tests/e2e/tool-audit/unit-converter-smoke.spec.ts; Month-end expected non-negative decomposition → 0y 1m -2d; total days can undercount across spring DST. Empty/future states are handled.,Do not promote; retain current URL pending repair and demand/backlink evidence; reassess indexation only through a separate approved SEO change,Replace one-pass calendar borrowing with a documented non-negative calendar-difference algorithm and use date-only arithmetic that is stable across DST and local time zones,Month-end expected non-negative decomposition → 0y 1m -2d; total days can undercount across spring DST. Empty/future states are handled.,FIXED,components/tools/AgeCalculator.tsx; lib/p1-remediation/calendar.ts,tests/p1-date-schedule.test.mjs; tests/e2e/p1-date-schedule.spec.ts,Jan 31 to Mar 1 now returns 0y 1m 1d and 29 days; DST transition is one calendar day; leap clamping and future-birth rejection pass.,KEEP with stated civil-calendar and Feb 29 clamping semantics.,Feb 29 legal age conventions vary by jurisdiction.
Date Difference,/calc/date-difference,calc,live,YES,YES,NO,YES,YES,CORE_DEFECT_OR_HARD_GATE,FAIL,normal 90-day shortcut; reverse dates; equal dates; month-end; DST/timezone,2026-01-31 to 2026-03-01 yields 29 elapsed days and a non-negative documented calendar decomposition,"Displayed 0 years, 1 month, -2 days despite a correct 29-day total",TRUE,PASS,UNVERIFIED,PARTIAL,Browser-local calculation; no input upload or persistence observed,No runtime service; embedded formulas/reference data require maintenance ownership,"29 elapsed days is correct, but expected non-negative decomposition → 0y 1m -2d. Reverse-direction total works.",UNKNOWN,UNKNOWN,UNKNOWN,UNKNOWN,13,UNKNOWN,15,15,6,UNKNOWN,FIX,P1,"29 elapsed days is correct, but expected non-negative decomposition → 0y 1m -2d. Reverse-direction total works.","reports/audits/tool-integrity/calculators.md; tests/e2e/tool-audit/functional-smoke.spec.ts; tests/e2e/tool-audit/unit-converter-smoke.spec.ts; 29 elapsed days is correct, but expected non-negative decomposition → 0y 1m -2d. Reverse-direction total works.",Do not promote; retain current URL pending repair and demand/backlink evidence; reassess indexation only through a separate approved SEO change,Replace one-pass calendar borrowing with a documented non-negative calendar-difference algorithm and make shortcuts/date construction consistently date-only rather than mixed local/UTC,"29 elapsed days is correct, but expected non-negative decomposition → 0y 1m -2d. Reverse-direction total works.",FIXED,components/tools/DateDifference.tsx; lib/p1-remediation/calendar.ts,tests/p1-date-schedule.test.mjs; tests/e2e/p1-date-schedule.spec.ts,"Calendar-safe elapsed totals and non-negative decomposition pass same-day, reversed, month-end, leap-year, and DST cases; workday/weekend totals are labeled inclusive.",KEEP with explicit elapsed-exclusive and business-day-inclusive semantics.,Business-day totals exclude no public holidays.
UUID Generator,/dev/uuid,dev,live,YES,YES,NO,YES,YES,WORKING_IN_TESTED_SCOPE,PASS,"Expected RFC-shape v4, then v7, and 100 unique v7 values; actual output matched version and variant nibbles and all 100 were unique (output_verified=true). Monotonic ordering under identical milliseconds, clipboard, and very large bulk counts remain unverified. Evidence: components/tools/UUIDGenerator.tsx, integrity spec lines 91–107.",Behavior promised by the UI/copy or deterministic contract for the tested input; the evidence ledger states exact expected values where independently asserted,"Observed and independently asserted: Expected RFC-shape v4, then v7, and 100 unique v7 values; actual output matched version and variant nibbles and all 100 were unique (output_verified=true). Monotonic ordering under identical milliseconds, clipboard, and very large bulk counts remain unverified. Evidence: components/tools/UUIDGenerator.tsx, integrity spec lines 91–107.",TRUE,PASS,UNVERIFIED,PARTIAL,Browser-local; no runtime upload observed,No runtime external service observed,v4 and v7 shape/version/variant passed; a 100-item v7 batch was unique and valid.,UNKNOWN,UNKNOWN,UNKNOWN,UNKNOWN,29,UNKNOWN,4,12,9,UNKNOWN,KEEP,,No confirmed defect in the tested scope; see known limitations and unverified gaps,reports/audits/tool-integrity/text-dev-time-type-play.md; tests/e2e/tool-audit/text-play-integrity.spec.ts; tests/e2e/tool-audit/time-type-smoke.spec.ts; v4 and v7 shape/version/variant passed; a 100-item v7 batch was unique and valid.,Retain current URL/indexation; validate demand with GSC before promotion or content expansion,"Retain the tool, address the documented limitations, and add missing mobile/accessibility/output evidence before promotion: v4 and v7 shape/version/variant passed; a 100-item v7 batch was unique and valid.",No confirmed defect in the tested scope; see known limitations and unverified gaps,NOT_IN_P0_P1_SCOPE,—,—,Historical audit evidence retained; this row was not reclassified in the P0/P1 remediation wave.,KEEP,v4 and v7 shape/version/variant passed; a 100-item v7 batch was unique and valid.
BMI Calculator,/calc/bmi,calc,live,YES,YES,NO,YES,YES,WORKING_WITH_UNVERIFIED_OR_DEFECTIVE_EDGES,PARTIAL,5 ft 10 in / 160 lb; metric equivalent; zero/empty; adult category boundaries,"Independent formula/domain result for the tested inputs; comparison evidence uses expected → observed: Expected 22.96 → displayed about 23.0; imperial and metric agree. Adult bands are correct as a screening convention, not a diagnosis. Child, pregnancy, athlete, and ethnicity limitations require qualified review and stronger scoping.","Observed browser/source result and audit comparison: Expected 22.96 → displayed about 23.0; imperial and metric agree. Adult bands are correct as a screening convention, not a diagnosis. Child, pregnancy, athlete, and ethnicity limitations require qualified review and stronger scoping.",TRUE,PASS,UNVERIFIED,PARTIAL,Browser-local calculation; no input upload or persistence observed,No runtime service; embedded formulas/reference data require maintenance ownership,"Expected 22.96 → displayed about 23.0; imperial and metric agree. Adult bands are correct as a screening convention, not a diagnosis. Child, pregnancy, athlete, and ethnicity limitations require qualified review and stronger scoping.",UNKNOWN,UNKNOWN,UNKNOWN,UNKNOWN,26,UNKNOWN,12,10,7,UNKNOWN,FIX,P2,"Expected 22.96 → displayed about 23.0; imperial and metric agree. Adult bands are correct as a screening convention, not a diagnosis. Child, pregnancy, athlete, and ethnicity limitations require qualified review and stronger scoping.","reports/audits/tool-integrity/calculators.md; tests/e2e/tool-audit/functional-smoke.spec.ts; tests/e2e/tool-audit/unit-converter-smoke.spec.ts; Expected 22.96 → displayed about 23.0; imperial and metric agree. Adult bands are correct as a screening convention, not a diagnosis. Child, pregnancy, athlete, and ethnicity limitations require qualified review and stronger scoping.","Do not promote this sensitive estimate; retain its current URL only while qualified clinical review, population limits, and non-diagnostic screening copy are completed and reviewed through normal SEO governance.","Repair the public boundary and evidence for qualified clinical review, population limits, and non-diagnostic screening copy; keep clear estimate-only limitations and regression coverage before any promotion.","Expected 22.96 → displayed about 23.0; imperial and metric agree. Adult bands are correct as a screening convention, not a diagnosis. Child, pregnancy, athlete, and ethnicity limitations require qualified review and stronger scoping.",NOT_IN_P0_P1_SCOPE,—,—,Historical audit evidence retained; this row was not reclassified in the P0/P1 remediation wave.,KEEP,"Expected 22.96 → displayed about 23.0; imperial and metric agree. Adult bands are correct as a screening convention, not a diagnosis. Child, pregnancy, athlete, and ethnicity limitations require qualified review and stronger scoping."
Mortgage Calculator,/calc/mortgage,calc,live,YES,YES,NO,YES,YES,WORKING_WITH_UNVERIFIED_OR_DEFECTIVE_EDGES,PARTIAL,"$400k, 20%, 6.5%, 30y; zero interest; tax/insurance; <20% down","Independent formula/domain result for the tested inputs; comparison evidence uses expected → observed: Principal-and-interest formula and zero-rate branch pass ($320k loan → about $2,022.62/mo). “Total Cost” excludes the down payment, property tax, insurance, and PMI; PMI is charged for the entire term rather than ending at an LTV threshold.","Observed browser/source result and audit comparison: Principal-and-interest formula and zero-rate branch pass ($320k loan → about $2,022.62/mo). “Total Cost” excludes the down payment, property tax, insurance, and PMI; PMI is charged for the entire term rather than ending at an LTV threshold.",TRUE,PASS,UNVERIFIED,PARTIAL,Browser-local calculation; no input upload or persistence observed,No runtime service; embedded formulas/reference data require maintenance ownership,"Principal-and-interest formula and zero-rate branch pass ($320k loan → about $2,022.62/mo). “Total Cost” excludes the down payment, property tax, insurance, and PMI; PMI is charged for the entire term rather than ending at an LTV threshold.",UNKNOWN,UNKNOWN,UNKNOWN,UNKNOWN,24,UNKNOWN,15,14,7,UNKNOWN,FIX,P2,"Principal-and-interest formula and zero-rate branch pass ($320k loan → about $2,022.62/mo). “Total Cost” excludes the down payment, property tax, insurance, and PMI; PMI is charged for the entire term rather than ending at an LTV threshold.","reports/audits/tool-integrity/calculators.md; tests/e2e/tool-audit/functional-smoke.spec.ts; tests/e2e/tool-audit/unit-converter-smoke.spec.ts; Principal-and-interest formula and zero-rate branch pass ($320k loan → about $2,022.62/mo). “Total Cost” excludes the down payment, property tax, insurance, and PMI; PMI is charged for the entire term rather than ending at an LTV threshold.",Do not promote; retain current URL pending repair and demand/backlink evidence; reassess indexation only through a separate approved SEO change,"Repair or narrow the user-visible promise before promotion, then add an independent regression for this documented limitation: Principal-and-interest formula and zero-rate branch pass ($320k loan → about $2,022.62/mo). “Total Cost” excludes the down payment, property tax, insurance, and PMI; PMI is charged for the entire term rather than ending at an LTV threshold.","Principal-and-interest formula and zero-rate branch pass ($320k loan → about $2,022.62/mo). “Total Cost” excludes the down payment, property tax, insurance, and PMI; PMI is charged for the entire term rather than ending at an LTV threshold.",NOT_IN_P0_P1_SCOPE,—,—,Historical audit evidence retained; this row was not reclassified in the P0/P1 remediation wave.,FIX,"Principal-and-interest formula and zero-rate branch pass ($320k loan → about $2,022.62/mo). “Total Cost” excludes the down payment, property tax, insurance, and PMI; PMI is charged for the entire term rather than ending at an LTV threshold."
Tip Calculator,/calc/tip,calc,live,YES,YES,NO,YES,YES,WORKING_IN_TESTED_SCOPE,PASS,"$85.50, 18%, split 1/2; decimal split 2.9; zero/empty","Independent formula/domain result for the tested inputs; comparison evidence uses expected → observed: $15.39 tip, $100.89 total, $50.45 each for 2 → same. Split uses parseInt, so 2.9 silently becomes 2; HTML max is not enforced in logic.","Observed browser/source result and audit comparison: $15.39 tip, $100.89 total, $50.45 each for 2 → same. Split uses parseInt, so 2.9 silently becomes 2; HTML max is not enforced in logic.",TRUE,PASS,UNVERIFIED,PARTIAL,Browser-local calculation; no input upload or persistence observed,No runtime service; embedded formulas/reference data require maintenance ownership,"$15.39 tip, $100.89 total, $50.45 each for 2 → same. Split uses parseInt, so 2.9 silently becomes 2; HTML max is not enforced in logic.",UNKNOWN,UNKNOWN,UNKNOWN,UNKNOWN,29,UNKNOWN,10,14,9,UNKNOWN,KEEP,P3,"$15.39 tip, $100.89 total, $50.45 each for 2 → same. Split uses parseInt, so 2.9 silently becomes 2; HTML max is not enforced in logic.","reports/audits/tool-integrity/calculators.md; tests/e2e/tool-audit/functional-smoke.spec.ts; tests/e2e/tool-audit/unit-converter-smoke.spec.ts; $15.39 tip, $100.89 total, $50.45 each for 2 → same. Split uses parseInt, so 2.9 silently becomes 2; HTML max is not enforced in logic.",Retain current URL/indexation; validate demand with GSC before promotion or content expansion,"Retain the tool, address the documented limitations, and add missing mobile/accessibility/output evidence before promotion: $15.39 tip, $100.89 total, $50.45 each for 2 → same. Split uses parseInt, so 2.9 silently becomes 2; HTML max is not enforced in logic.","$15.39 tip, $100.89 total, $50.45 each for 2 → same. Split uses parseInt, so 2.9 silently becomes 2; HTML max is not enforced in logic.",NOT_IN_P0_P1_SCOPE,—,—,Historical audit evidence retained; this row was not reclassified in the P0/P1 remediation wave.,KEEP,"$15.39 tip, $100.89 total, $50.45 each for 2 → same. Split uses parseInt, so 2.9 silently becomes 2; HTML max is not enforced in logic."
Discount Calculator,/calc/discount,calc,live,YES,YES,NO,YES,YES,WORKING_IN_TESTED_SCOPE,PASS,$100 at 20%; stacked discounts; reverse mode; 0/100%; decimals,Independent formula/domain result for the tested inputs; comparison evidence uses expected → observed: $80.00 → $80.00; stacked discounts multiply rather than add; discounts clamp to 0-100.,Observed browser/source result and audit comparison: $80.00 → $80.00; stacked discounts multiply rather than add; discounts clamp to 0-100.,TRUE,PASS,UNVERIFIED,PARTIAL,Browser-local calculation; no input upload or persistence observed,No runtime service; embedded formulas/reference data require maintenance ownership,$80.00 → $80.00; stacked discounts multiply rather than add; discounts clamp to 0-100.,UNKNOWN,UNKNOWN,UNKNOWN,UNKNOWN,30,UNKNOWN,12,14,9,UNKNOWN,KEEP,,No confirmed defect in the tested scope; see known limitations and unverified gaps,reports/audits/tool-integrity/calculators.md; tests/e2e/tool-audit/functional-smoke.spec.ts; tests/e2e/tool-audit/unit-converter-smoke.spec.ts; $80.00 → $80.00; stacked discounts multiply rather than add; discounts clamp to 0-100.,Retain current URL/indexation; validate demand with GSC before promotion or content expansion,"Retain the tool, address the documented limitations, and add missing mobile/accessibility/output evidence before promotion: $80.00 → $80.00; stacked discounts multiply rather than add; discounts clamp to 0-100.",No confirmed defect in the tested scope; see known limitations and unverified gaps,NOT_IN_P0_P1_SCOPE,—,—,Historical audit evidence retained; this row was not reclassified in the P0/P1 remediation wave.,KEEP,$80.00 → $80.00; stacked discounts multiply rather than add; discounts clamp to 0-100.
Compound Interest Calculator,/calc/compound-interest,calc,live,YES,YES,NO,YES,YES,WORKING_WITH_UNVERIFIED_OR_DEFECTIVE_EDGES,PARTIAL,"$10k, $500/mo, 7%, 10y; 0%; negative contribution/rate; decimal years","Independent formula/domain result for the tested inputs; comparison evidence uses expected → observed: Monthly end-of-period contribution simulation matches independent recurrence. Negative principal/contribution clamp to zero; negative rate is accepted. Compounding timing is disclosed in code/UI context but fees, tax, and volatility are outside scope.","Observed browser/source result and audit comparison: Monthly end-of-period contribution simulation matches independent recurrence. Negative principal/contribution clamp to zero; negative rate is accepted. Compounding timing is disclosed in code/UI context but fees, tax, and volatility are outside scope.",TRUE,PASS,UNVERIFIED,PARTIAL,Browser-local calculation; no input upload or persistence observed,No runtime service; embedded formulas/reference data require maintenance ownership,"Monthly end-of-period contribution simulation matches independent recurrence. Negative principal/contribution clamp to zero; negative rate is accepted. Compounding timing is disclosed in code/UI context but fees, tax, and volatility are outside scope.",UNKNOWN,UNKNOWN,UNKNOWN,UNKNOWN,28,UNKNOWN,12,11,7,UNKNOWN,FIX,P3,"Monthly end-of-period contribution simulation matches independent recurrence. Negative principal/contribution clamp to zero; negative rate is accepted. Compounding timing is disclosed in code/UI context but fees, tax, and volatility are outside scope.","reports/audits/tool-integrity/calculators.md; tests/e2e/tool-audit/functional-smoke.spec.ts; tests/e2e/tool-audit/unit-converter-smoke.spec.ts; Monthly end-of-period contribution simulation matches independent recurrence. Negative principal/contribution clamp to zero; negative rate is accepted. Compounding timing is disclosed in code/UI context but fees, tax, and volatility are outside scope.","Do not promote this sensitive estimate; retain its current URL only while financial assumptions, negative-rate handling, and estimate-only boundaries are completed and reviewed through normal SEO governance.","Repair the public boundary and evidence for financial assumptions, negative-rate handling, and estimate-only boundaries; keep clear estimate-only limitations and regression coverage before any promotion.","Monthly end-of-period contribution simulation matches independent recurrence. Negative principal/contribution clamp to zero; negative rate is accepted. Compounding timing is disclosed in code/UI context but fees, tax, and volatility are outside scope.",NOT_IN_P0_P1_SCOPE,—,—,Historical audit evidence retained; this row was not reclassified in the P0/P1 remediation wave.,KEEP,"Monthly end-of-period contribution simulation matches independent recurrence. Negative principal/contribution clamp to zero; negative rate is accepted. Compounding timing is disclosed in code/UI context but fees, tax, and volatility are outside scope."
GPA Calculator,/calc/gpa,calc,live,YES,YES,NO,YES,YES,WORKING_WITH_UNVERIFIED_OR_DEFECTIVE_EDGES,PARTIAL,A with 3 credits; A/B equal credits; prior GPA; >4 direct input; empty row,"Independent formula/domain result for the tested inputs; comparison evidence uses expected → observed: A, 3 credits → 4.00; A/B equal credits → 3.50. Fixed U.S. 4.0 mapping is coherent, but prior GPA can exceed 4 through direct entry and course grade selects lack individual accessible names.","Observed browser/source result and audit comparison: A, 3 credits → 4.00; A/B equal credits → 3.50. Fixed U.S. 4.0 mapping is coherent, but prior GPA can exceed 4 through direct entry and course grade selects lack individual accessible names.",TRUE,PASS,UNVERIFIED,PARTIAL,Browser-local calculation; no input upload or persistence observed,No runtime service; embedded formulas/reference data require maintenance ownership,"A, 3 credits → 4.00; A/B equal credits → 3.50. Fixed U.S. 4.0 mapping is coherent, but prior GPA can exceed 4 through direct entry and course grade selects lack individual accessible names.",UNKNOWN,UNKNOWN,UNKNOWN,UNKNOWN,28,UNKNOWN,13,13,8,UNKNOWN,KEEP,P3,"A, 3 credits → 4.00; A/B equal credits → 3.50. Fixed U.S. 4.0 mapping is coherent, but prior GPA can exceed 4 through direct entry and course grade selects lack individual accessible names.","reports/audits/tool-integrity/calculators.md; tests/e2e/tool-audit/functional-smoke.spec.ts; tests/e2e/tool-audit/unit-converter-smoke.spec.ts; A, 3 credits → 4.00; A/B equal credits → 3.50. Fixed U.S. 4.0 mapping is coherent, but prior GPA can exceed 4 through direct entry and course grade selects lack individual accessible names.",Retain current URL/indexation; validate demand with GSC before promotion or content expansion,"Retain the tool, address the documented limitations, and add missing mobile/accessibility/output evidence before promotion: A, 3 credits → 4.00; A/B equal credits → 3.50. Fixed U.S. 4.0 mapping is coherent, but prior GPA can exceed 4 through direct entry and course grade selects lack individual accessible names.","A, 3 credits → 4.00; A/B equal credits → 3.50. Fixed U.S. 4.0 mapping is coherent, but prior GPA can exceed 4 through direct entry and course grade selects lack individual accessible names.",NOT_IN_P0_P1_SCOPE,—,—,Historical audit evidence retained; this row was not reclassified in the P0/P1 remediation wave.,KEEP,"A, 3 credits → 4.00; A/B equal credits → 3.50. Fixed U.S. 4.0 mapping is coherent, but prior GPA can exceed 4 through direct entry and course grade selects lack individual accessible names."
Typing Test,/type/typing-test,type,live,YES,YES,YES,YES,YES,CORE_DEFECT_OR_HARD_GATE,FAIL,"Ten-word mode was completed with deliberately alternating fast/slow timing. Expected: consistency below 100%; actual: 100% (output_verified=true). Source sets every WordResult.rawWpm to zero, filters zeroes, then defaults to 100. Timed finish uses wordsReached before the current partial word. Clipboard result is written by product code but not permission-verified. Evidence: components/tools/TypingTest.tsx, integrity spec lines 186–212.",Deliberately uneven word timing produces consistency below 100% and timed completion includes the documented current-word contribution,Displayed 100% consistency because every stored rawWpm is zero; timed completion omits the current partial word,TRUE,PASS,UNVERIFIED,PARTIAL,Browser-local; history/settings may use localStorage,No runtime external service observed,"Every completed word is assigned rawWpm: 0, so prominent consistency is always 100%; timed completion also drops the current partial word.",UNKNOWN,UNKNOWN,UNKNOWN,UNKNOWN,12,UNKNOWN,7,14,6,UNKNOWN,FIX,P1,"Every completed word is assigned rawWpm: 0, so prominent consistency is always 100%; timed completion also drops the current partial word.","reports/audits/tool-integrity/text-dev-time-type-play.md; tests/e2e/tool-audit/text-play-integrity.spec.ts; tests/e2e/tool-audit/time-type-smoke.spec.ts; Every completed word is assigned rawWpm: 0, so prominent consistency is always 100%; timed completion also drops the current partial word.",Do not promote; retain current URL pending repair and demand/backlink evidence; reassess indexation only through a separate approved SEO change,"Record real per-word timing/WPM, include the current partial word at timeout under a documented rule, and add deterministic consistency/accuracy/completion regressions","Every completed word is assigned rawWpm: 0, so prominent consistency is always 100%; timed completion also drops the current partial word.",FIXED,components/tools/TypingTest.tsx; lib/p1-remediation/typing-metrics.ts,tests/p1-typing-numble.test.mjs; tests/e2e/p1-typing-numble.spec.ts; tests/e2e/tool-audit/text-play-integrity.spec.ts,WPM and accuracy derive from typed and expected characters plus monotonic elapsed time; current partial progress is included; fabricated consistency was removed.,KEEP with the displayed character-based metric definitions.,Very short samples are volatile even when mathematically correct.
WPM Test,/type/wpm-test,type,live,YES,YES,YES,YES,YES,WORKING_WITH_UNVERIFIED_OR_DEFECTIVE_EDGES,PARTIAL,"The hidden input accepts typing in the smoke test. Source end calculations receive completed-word counters only, so text in the current word at timeout is omitted. Expected/actual completion metrics were not browser-recomputed (output_verified=false). Percentile bands are hardcoded without a cited source. Restart, mobile virtual keyboard, 15/30/60/120-second accuracy, and persistence remain unverified. Evidence: components/tools/WpmTest.tsx, time/type smoke spec.",Behavior promised by the UI/copy or deterministic contract for the tested input; the evidence ledger states exact expected values where independently asserted,"UNVERIFIED exact output; source/shape evidence only: The hidden input accepts typing in the smoke test. Source end calculations receive completed-word counters only, so text in the current word at timeout is omitted. Expected/actual completion metrics were not browser-recomputed (output_verified=false). Percentile bands are hardcoded without a cited source. Restart, mobile virtual keyboard, 15/30/60/120-second accuracy, and persistence remain unverified. Evidence: components/tools/WpmTest.tsx, time/type smoke spec.",FALSE,PASS,UNVERIFIED,PARTIAL,Browser-local; history/settings may use localStorage,No runtime external service observed,"Typing/start state works, but the current in-progress word is omitted at timeout and percentile bands have no cited evidence.",UNKNOWN,UNKNOWN,UNKNOWN,UNKNOWN,21,UNKNOWN,5,13,7,UNKNOWN,FIX,P2,"Typing/start state works, but the current in-progress word is omitted at timeout and percentile bands have no cited evidence.","reports/audits/tool-integrity/text-dev-time-type-play.md; tests/e2e/tool-audit/text-play-integrity.spec.ts; tests/e2e/tool-audit/time-type-smoke.spec.ts; Typing/start state works, but the current in-progress word is omitted at timeout and percentile bands have no cited evidence.",Do not promote; retain current URL pending repair and demand/backlink evidence; reassess indexation only through a separate approved SEO change,"Repair or narrow the user-visible promise before promotion, then add an independent regression for this documented limitation: Typing/start state works, but the current in-progress word is omitted at timeout and percentile bands have no cited evidence.","Typing/start state works, but the current in-progress word is omitted at timeout and percentile bands have no cited evidence.",NOT_IN_P0_P1_SCOPE,—,—,Historical audit evidence retained; this row was not reclassified in the P0/P1 remediation wave.,FIX,"Typing/start state works, but the current in-progress word is omitted at timeout and percentile bands have no cited evidence."
Keyboard Tester,/type/keyboard-tester,type,live,YES,YES,YES,YES,YES,CORE_DEFECT_OR_HARD_GATE,FAIL,"With Reset focused, a plain Tab should move focus; actual focus remained on Reset (output_verified=true). The global window keydown prevents default for every key, creating a WCAG 2.1.2 keyboard trap. Source mapping correctly records physical event.code; international layouts, chattering/NKRO claims, mobile, and screen-reader announcements remain unverified. Evidence: components/tools/KeyboardTester.tsx, integrity spec lines 178–184.",Plain Tab leaves the focused Reset control and moves through the page while the test still reports key state,"Global keydown prevention kept focus on Reset, creating a keyboard trap",TRUE,PASS,UNVERIFIED,FAIL,Browser-local; history/settings may use localStorage,No runtime external service observed,"Physical key mapping uses event.code, but a global handler prevents a plain Tab and traps keyboard focus.",UNKNOWN,UNKNOWN,UNKNOWN,UNKNOWN,14,UNKNOWN,5,12,8,UNKNOWN,FIX,P1,"Physical key mapping uses event.code, but a global handler prevents a plain Tab and traps keyboard focus.","reports/audits/tool-integrity/text-dev-time-type-play.md; tests/e2e/tool-audit/text-play-integrity.spec.ts; tests/e2e/tool-audit/time-type-smoke.spec.ts; Physical key mapping uses event.code, but a global handler prevents a plain Tab and traps keyboard focus.",Do not promote; retain current URL pending repair and demand/backlink evidence; reassess indexation only through a separate approved SEO change,"Scope key capture to an explicit focusable test region, never suppress Tab or Escape, provide start/stop state, and announce key changes; add keyboard-escape regression coverage","Physical key mapping uses event.code, but a global handler prevents a plain Tab and traps keyboard focus.",FIXED,components/tools/KeyboardTester.tsx,tests/p1-typing-numble.test.mjs; tests/e2e/p1-typing-numble.spec.ts; tests/e2e/tool-audit/text-play-integrity.spec.ts,Tab and Shift+Tab are not prevented and browser focus advances; ordinary keys continue to update the visualization.,KEEP.,Assistive-technology and non-Chromium keyboard matrices remain unverified.
Typing Practice,/type/typing-practice,type,live,YES,YES,YES,YES,YES,CORE_DEFECT_OR_HARD_GATE,FAIL,"Typing state transition passed. On final Space, source enqueues setCorrectChars/setIncorrectChars and then invokes an endTest callback that closes over the pre-final counters, omitting the last word from results (output_verified=false; source reproduction). Full deterministic completion, weak-key math, persistence, clipboard, and mobile remain unverified. Evidence: components/tools/TypingPractice.tsx, time/type smoke spec.",Behavior promised by the UI/copy or deterministic contract for the tested input; the evidence ledger states exact expected values where independently asserted,"UNVERIFIED exact output; source/shape evidence only: Typing state transition passed. On final Space, source enqueues setCorrectChars/setIncorrectChars and then invokes an endTest callback that closes over the pre-final counters, omitting the last word from results (output_verified=false; source reproduction). Full deterministic completion, weak-key math, persistence, clipboard, and mobile remain unverified. Evidence: components/tools/TypingPractice.tsx, time/type smoke spec.",FALSE,PASS,UNVERIFIED,PARTIAL,Browser-local; history/settings may use localStorage,No runtime external service observed,"Final-word counters are updated in state then read from a stale callback, so completion results omit the last word.",UNKNOWN,UNKNOWN,UNKNOWN,UNKNOWN,18,UNKNOWN,8,13,6,UNKNOWN,FIX,P2,"Final-word counters are updated in state then read from a stale callback, so completion results omit the last word.","reports/audits/tool-integrity/text-dev-time-type-play.md; tests/e2e/tool-audit/text-play-integrity.spec.ts; tests/e2e/tool-audit/time-type-smoke.spec.ts; Final-word counters are updated in state then read from a stale callback, so completion results omit the last word.",Do not promote; retain current URL pending repair and demand/backlink evidence; reassess indexation only through a separate approved SEO change,"Repair or narrow the user-visible promise before promotion, then add an independent regression for this documented limitation: Final-word counters are updated in state then read from a stale callback, so completion results omit the last word.","Final-word counters are updated in state then read from a stale callback, so completion results omit the last word.",NOT_IN_P0_P1_SCOPE,—,—,Historical audit evidence retained; this row was not reclassified in the P0/P1 remediation wave.,FIX,"Final-word counters are updated in state then read from a stale callback, so completion results omit the last word."
Typing Race,/type/race,type,live,YES,YES,NO,YES,YES,CORE_DEFECT_OR_HARD_GATE,FAIL,"Typing state transition passed. Source startRace() sets start time in React state while its already-created interval invokes the pre-render endRace(false) closure with startTime = 0. Expected ghost-loss elapsed time is race duration; actual calculation is milliseconds since the Unix epoch, which rounds WPM to 0 (output_verified=false; deterministic source defect). Win path, every ghost speed, persistence, and mobile remain unverified. Evidence: components/tools/TypingRace.tsx, time/type smoke spec.",Ghost loss reports the race-duration elapsed time and a WPM derived from that duration,"The stale callback uses startTime=0, producing epoch-scale elapsed time and 0 WPM",FALSE,PASS,UNVERIFIED,PARTIAL,Browser-local; history/settings may use localStorage,No runtime external service observed,"Ghost-loss callback closes over startTime = 0, producing epoch-scale elapsed time and 0 WPM.",UNKNOWN,UNKNOWN,UNKNOWN,UNKNOWN,10,UNKNOWN,8,11,5,UNKNOWN,FIX,P1,"Ghost-loss callback closes over startTime = 0, producing epoch-scale elapsed time and 0 WPM.","reports/audits/tool-integrity/text-dev-time-type-play.md; tests/e2e/tool-audit/text-play-integrity.spec.ts; tests/e2e/tool-audit/time-type-smoke.spec.ts; Ghost-loss callback closes over startTime = 0, producing epoch-scale elapsed time and 0 WPM.",Do not promote; retain current URL pending repair and demand/backlink evidence; reassess indexation only through a separate approved SEO change,Remove the stale start-time closure by passing current race timing into completion; add deterministic win/loss WPM and elapsed-time regressions for every ghost speed,"Ghost-loss callback closes over startTime = 0, producing epoch-scale elapsed time and 0 WPM.",FIXED,components/tools/TypingRace.tsx; lib/p1-remediation/monotonic-timing.ts,tests/p1-typing-numble.test.mjs; tests/e2e/p1-typing-numble.spec.ts,"Stable performance.now start refs prevent stale closure/epoch elapsed values; restart, rapid completion, ghost completion, and unmount paths are covered.",KEEP.,Browser scheduling can affect the ghost animation but no longer corrupts elapsed-time math.
Word Blitz,/type/word-blitz,type,live,YES,YES,NO,YES,YES,WORKING_WITH_UNVERIFIED_OR_DEFECTIVE_EDGES,PARTIAL,"Visible input and wall-clock timer state pass smoke/source inspection. Expected accuracy is character truth; actual implementation adds one error on every non-prefix change event, including repeated edits, while ignoring the remaining current word at timeout (output_verified=false). Full 30/60/90-second result recomputation, streak scoring, persistence, and mobile keyboard remain unverified. Evidence: components/tools/WordBlitz.tsx, time/type smoke spec.",Behavior promised by the UI/copy or deterministic contract for the tested input; the evidence ledger states exact expected values where independently asserted,"UNVERIFIED exact output; source/shape evidence only: Visible input and wall-clock timer state pass smoke/source inspection. Expected accuracy is character truth; actual implementation adds one error on every non-prefix change event, including repeated edits, while ignoring the remaining current word at timeout (output_verified=false). Full 30/60/90-second result recomputation, streak scoring, persistence, and mobile keyboard remain unverified. Evidence: components/tools/WordBlitz.tsx, time/type smoke spec.",FALSE,PASS,UNVERIFIED,PARTIAL,Browser-local; history/settings may use localStorage,No runtime external service observed,Wall-clock round timing works; accuracy counts each non-prefix edit event as one error and ignores current/backtracked character truth.,UNKNOWN,UNKNOWN,UNKNOWN,UNKNOWN,20,UNKNOWN,8,10,6,UNKNOWN,FIX,P2,Wall-clock round timing works; accuracy counts each non-prefix edit event as one error and ignores current/backtracked character truth.,reports/audits/tool-integrity/text-dev-time-type-play.md; tests/e2e/tool-audit/text-play-integrity.spec.ts; tests/e2e/tool-audit/time-type-smoke.spec.ts; Wall-clock round timing works; accuracy counts each non-prefix edit event as one error and ignores current/backtracked character truth.,Do not promote; retain current URL pending repair and demand/backlink evidence; reassess indexation only through a separate approved SEO change,"Repair or narrow the user-visible promise before promotion, then add an independent regression for this documented limitation: Wall-clock round timing works; accuracy counts each non-prefix edit event as one error and ignores current/backtracked character truth.",Wall-clock round timing works; accuracy counts each non-prefix edit event as one error and ignores current/backtracked character truth.,NOT_IN_P0_P1_SCOPE,—,—,Historical audit evidence retained; this row was not reclassified in the P0/P1 remediation wave.,FIX,Wall-clock round timing works; accuracy counts each non-prefix edit event as one error and ignores current/backtracked character truth.
Code Typing Challenge,/type/code-challenge,type,live,YES,YES,NO,YES,YES,WORKING_WITH_UNVERIFIED_OR_DEFECTIVE_EDGES,PARTIAL,"The challenge accepts keystrokes without a crash; source tracks code characters and special-character accuracy. No deterministic full-snippet WPM/accuracy recomputation or mobile virtual-keyboard run was done (output_verified=false). Clipboard and persistence remain unverified. Evidence: components/tools/CodeChallenge.tsx, time/type smoke spec.",Behavior promised by the UI/copy or deterministic contract for the tested input; the evidence ledger states exact expected values where independently asserted,"UNVERIFIED exact output; source/shape evidence only: The challenge accepts keystrokes without a crash; source tracks code characters and special-character accuracy. No deterministic full-snippet WPM/accuracy recomputation or mobile virtual-keyboard run was done (output_verified=false). Clipboard and persistence remain unverified. Evidence: components/tools/CodeChallenge.tsx, time/type smoke spec.",FALSE,PASS,UNVERIFIED,PARTIAL,Browser-local; history/settings may use localStorage,No runtime external service observed,Language/difficulty typing state works and source metrics are coherent; deterministic completion math and mobile input remain unverified.,UNKNOWN,UNKNOWN,UNKNOWN,UNKNOWN,25,UNKNOWN,10,13,7,UNKNOWN,KEEP,,No confirmed defect in the tested scope; see known limitations and unverified gaps,reports/audits/tool-integrity/text-dev-time-type-play.md; tests/e2e/tool-audit/text-play-integrity.spec.ts; tests/e2e/tool-audit/time-type-smoke.spec.ts; Language/difficulty typing state works and source metrics are coherent; deterministic completion math and mobile input remain unverified.,Retain current URL/indexation; validate demand with GSC before promotion or content expansion,"Retain the tool, address the documented limitations, and add missing mobile/accessibility/output evidence before promotion: Language/difficulty typing state works and source metrics are coherent; deterministic completion math and mobile input remain unverified.",No confirmed defect in the tested scope; see known limitations and unverified gaps,NOT_IN_P0_P1_SCOPE,—,—,Historical audit evidence retained; this row was not reclassified in the P0/P1 remediation wave.,KEEP,Language/difficulty typing state works and source metrics are coherent; deterministic completion math and mobile input remain unverified.
Image Cropper,/files/image-cropper,files,live,YES,YES,NO,YES,YES,CORE_DEFECT_OR_HARD_GATE,FAIL,FAIL; Circle on 160×120 PNG produced 128×96 PNG instead of square; alpha present. GIF path collapses animation to a still. output_verified=true,Circle preset exports a square PNG with transparent corners,Circle preset on a 160×120 PNG exported a 128×96 rectangular PNG,TRUE,FAIL,PARTIAL,PARTIAL,browser-local react-image-crop + Canvas; stale completed-crop state; animation unsupported,browser-local react-image-crop + Canvas; stale completed-crop state; animation unsupported,browser-local react-image-crop + Canvas; stale completed-crop state; animation unsupported,UNKNOWN,UNKNOWN,UNKNOWN,UNKNOWN,12,UNKNOWN,9,13,7,UNKNOWN,FIX,P1,FIX; P1; repair square crop state/output and disclose/remove animated GIF input before promotion,reports/audits/tool-integrity/files-images-pdf.md; tests/e2e/tool-audit/file-artifact-audit.spec.ts; FAIL; Circle on 160×120 PNG produced 128×96 PNG instead of square; alpha present. GIF path collapses animation to a still. output_verified=true,Do not promote; retain current URL pending repair and demand/backlink evidence; reassess indexation only through a separate approved SEO change,"Synchronize the completed crop when presets change, force square transparent-corner Circle output, and reject or disclose animated GIF still-frame behavior; add parsed geometry/alpha regressions",FIX; P1; repair square crop state/output and disclose/remove animated GIF input before promotion,FIXED,components/tools/ImageCropper.tsx; lib/image-remediation/raster-formats.ts,tests/p1-files-images.test.mjs; tests/e2e/tool-audit/file-artifact-audit.spec.ts,Circle preset exported a square PNG; all four decoded corner alpha values were zero and the center remained opaque; GIF is rejected before frame loss.,KEEP with the static JPG/PNG/WebP input contract and transparent PNG circle output.,Browser artifact coverage is Chromium-only; GIF cropping remains unsupported.
Invoice Generator,/files/invoice-generator,files,live,YES,YES,NO,YES,YES,UNVERIFIED_END_TO_END,UNVERIFIED,"UNVERIFIED; formula/source inspected but PDF artifact was not exercised. Allows discounts over subtotal and has no tax-jurisdiction/order model; tax is calculated on pre-discount subtotal, so negative or jurisdictionally wrong totals are possible. output_verified=false","A readable artifact satisfying the route's stated format, dimensions, page, transparency, animation, and naming contract for the tested input","UNVERIFIED end to end: UNVERIFIED; formula/source inspected but PDF artifact was not exercised. Allows discounts over subtotal and has no tax-jurisdiction/order model; tax is calculated on pre-discount subtotal, so negative or jurisdictionally wrong totals are possible. output_verified=false",FALSE,PARTIAL,PARTIAL,UNVERIFIED,browser-local pdfmake; sender details/logo persist in localStorage; client details do not; legal/tax requirements vary by jurisdiction,browser-local pdfmake; sender details/logo persist in localStorage; client details do not; legal/tax requirements vary by jurisdiction,browser-local pdfmake; sender details/logo persist in localStorage; client details do not; legal/tax requirements vary by jurisdiction,UNKNOWN,UNKNOWN,UNKNOWN,UNKNOWN,16,UNKNOWN,8,4,4,UNKNOWN,HIDE,P2,"FIX; P2; validate totals, prevent negative invoices, explain tax/discount order, disclose local persistence, then artifact-test PDF text and totals","reports/audits/tool-integrity/files-images-pdf.md; tests/e2e/tool-audit/file-artifact-audit.spec.ts; UNVERIFIED; formula/source inspected but PDF artifact was not exercised. Allows discounts over subtotal and has no tax-jurisdiction/order model; tax is calculated on pre-discount subtotal, so negative or jurisdictionally wrong totals are possible. output_verified=false","Keep the route out of promotion; any noindex, sitemap, navigation, or redirect change requires a separately approved SEO release after parsed PDF, tax/discount constraints, persistence disclosure, and legal/tax review is verified.","Hide from public discovery and promotion pending parsed PDF, tax/discount constraints, persistence disclosure, and legal/tax review; retain only a bounded review/status path and do not present the current behavior as a user-safe result.","FIX; P2; validate totals, prevent negative invoices, explain tax/discount order, disclose local persistence, then artifact-test PDF text and totals",NOT_IN_P0_P1_SCOPE,—,—,Historical audit evidence retained; this row was not reclassified in the P0/P1 remediation wave.,FIX,browser-local pdfmake; sender details/logo persist in localStorage; client details do not; legal/tax requirements vary by jurisdiction
Salary Calculator,/calc/salary,calc,live,YES,YES,YES,YES,YES,WORKING_IN_TESTED_SCOPE,PASS,"$50/hr, 40 h/week, 52 weeks; 0; decimals","Independent formula/domain result for the tested inputs; comparison evidence uses expected → observed: $104,000/year → $104,000.00; hourly/weekly/monthly conversions are arithmetically consistent under the entered workweek. USD and five-day daily convention only.","Observed browser/source result and audit comparison: $104,000/year → $104,000.00; hourly/weekly/monthly conversions are arithmetically consistent under the entered workweek. USD and five-day daily convention only.",TRUE,PASS,UNVERIFIED,PARTIAL,Browser-local calculation; no input upload or persistence observed,No runtime service; embedded formulas/reference data require maintenance ownership,"$104,000/year → $104,000.00; hourly/weekly/monthly conversions are arithmetically consistent under the entered workweek. USD and five-day daily convention only.",UNKNOWN,UNKNOWN,UNKNOWN,UNKNOWN,30,UNKNOWN,12,14,9,UNKNOWN,KEEP,,No confirmed defect in the tested scope; see known limitations and unverified gaps,"reports/audits/tool-integrity/calculators.md; tests/e2e/tool-audit/functional-smoke.spec.ts; tests/e2e/tool-audit/unit-converter-smoke.spec.ts; $104,000/year → $104,000.00; hourly/weekly/monthly conversions are arithmetically consistent under the entered workweek. USD and five-day daily convention only.",Retain current URL/indexation; validate demand with GSC before promotion or content expansion,"Retain the tool, address the documented limitations, and add missing mobile/accessibility/output evidence before promotion: $104,000/year → $104,000.00; hourly/weekly/monthly conversions are arithmetically consistent under the entered workweek. USD and five-day daily convention only.",No confirmed defect in the tested scope; see known limitations and unverified gaps,NOT_IN_P0_P1_SCOPE,—,—,Historical audit evidence retained; this row was not reclassified in the P0/P1 remediation wave.,KEEP,"$104,000/year → $104,000.00; hourly/weekly/monthly conversions are arithmetically consistent under the entered workweek. USD and five-day daily convention only."
Take-Home Pay Calculator,/calc/take-home-pay,calc,live,YES,YES,YES,YES,YES,CORE_DEFECT_OR_HARD_GATE,FAIL,"$75k, single, TX, no deductions; $1m Additional Medicare boundary; state presets","For $75,000 single/Texas/no deductions under 2026 federal rules: $61,592.50 annual net; high-income output includes Additional Medicare Tax","Displayed $61,148.50 annual net at $75,000 and overstated $1,000,000 net by $6,250.80",TRUE,PASS,UNVERIFIED,PARTIAL,Browser-local calculation; no input upload or persistence observed,No runtime service; embedded formulas/reference data require maintenance ownership,"2026 expected $61,592.50 annual net → $61,148.50; $1m expected $646,860.75 → $653,111.55.",UNKNOWN,UNKNOWN,UNKNOWN,UNKNOWN,0,UNKNOWN,10,5,3,UNKNOWN,HIDE,P1,"2026 expected $61,592.50 annual net → $61,148.50; $1m expected $646,860.75 → $653,111.55.","reports/audits/tool-integrity/calculators.md; tests/e2e/tool-audit/functional-smoke.spec.ts; tests/e2e/tool-audit/unit-converter-smoke.spec.ts; 2026 expected $61,592.50 annual net → $61,148.50; $1m expected $646,860.75 → $653,111.55.","Keep the route out of promotion; any noindex, sitemap, navigation, or redirect change requires a separately approved SEO release after a sourced, current, year-specific, jurisdiction-explicit payroll engine is verified.","Hide from public discovery and promotion pending a sourced, current, year-specific, jurisdiction-explicit payroll engine; retain only a bounded review/status path and do not present the current behavior as a user-safe result.","2026 expected $61,592.50 annual net → $61,148.50; $1m expected $646,860.75 → $653,111.55.",CONTAINED,app/calc/take-home-pay/page.tsx; components/tools/TakeHomePayCalculator.tsx; lib/tools.ts; lib/navigation.ts; lib/search-index.ts; lib/site-structure.ts,tests/p1-high-risk-calculators.test.mjs; tests/e2e/p1-containment.spec.ts; tests/tool-integrity-discovery.test.mjs,Stale calculator execution and tax claims were removed; direct route is noindexed and points to the IRS estimator; all discovery projections exclude it.,"HIDE until a shared payroll engine has explicit tax year, jurisdictions, filing assumptions, deductions, and authoritative federal/state/local sources.","No current federal, state, or local payroll estimator remains; the IRS estimator is an external official alternative, not a Clevr result."
Loan Calculator,/calc/loan,calc,live,YES,YES,NO,YES,YES,WORKING_WITH_UNVERIFIED_OR_DEFECTIVE_EDGES,PARTIAL,"$25k, 6.5%, 5y; $1,200, 0%, 1y; negative rate; decimal term",Independent formula/domain result for the tested inputs; comparison evidence uses expected → observed: Zero-rate expected $100/mo → $100.00; standard amortization matches independent formula. Typed negative rates are not rejected in calculation.,Observed browser/source result and audit comparison: Zero-rate expected $100/mo → $100.00; standard amortization matches independent formula. Typed negative rates are not rejected in calculation.,TRUE,PASS,UNVERIFIED,PARTIAL,Browser-local calculation; no input upload or persistence observed,No runtime service; embedded formulas/reference data require maintenance ownership,Zero-rate expected $100/mo → $100.00; standard amortization matches independent formula. Typed negative rates are not rejected in calculation.,UNKNOWN,UNKNOWN,UNKNOWN,UNKNOWN,28,UNKNOWN,10,11,8,UNKNOWN,FIX,P3,Zero-rate expected $100/mo → $100.00; standard amortization matches independent formula. Typed negative rates are not rejected in calculation.,reports/audits/tool-integrity/calculators.md; tests/e2e/tool-audit/functional-smoke.spec.ts; tests/e2e/tool-audit/unit-converter-smoke.spec.ts; Zero-rate expected $100/mo → $100.00; standard amortization matches independent formula. Typed negative rates are not rejected in calculation.,Do not promote this sensitive estimate; retain its current URL only while negative-rate/domain guards and lending-estimate assumptions are completed and reviewed through normal SEO governance.,Repair the public boundary and evidence for negative-rate/domain guards and lending-estimate assumptions; keep clear estimate-only limitations and regression coverage before any promotion.,Zero-rate expected $100/mo → $100.00; standard amortization matches independent formula. Typed negative rates are not rejected in calculation.,NOT_IN_P0_P1_SCOPE,—,—,Historical audit evidence retained; this row was not reclassified in the P0/P1 remediation wave.,KEEP,Zero-rate expected $100/mo → $100.00; standard amortization matches independent formula. Typed negative rates are not rejected in calculation.
Auto Loan Calculator,/calc/auto-loan,calc,live,YES,YES,YES,YES,YES,WORKING_WITH_UNVERIFIED_OR_DEFECTIVE_EDGES,PARTIAL,price/down/trade/rate/term; 0%; negative equity scenario; zero financed,"Independent formula/domain result for the tested inputs; comparison evidence uses expected → observed: Standard payment on price - down - trade is correct. It omits sales tax/fees and trade loan payoff, despite adjacent copy implying negative equity is addressed.","Observed browser/source result and audit comparison: Standard payment on price - down - trade is correct. It omits sales tax/fees and trade loan payoff, despite adjacent copy implying negative equity is addressed.",TRUE,PASS,UNVERIFIED,PARTIAL,Browser-local calculation; no input upload or persistence observed,No runtime service; embedded formulas/reference data require maintenance ownership,"Standard payment on price - down - trade is correct. It omits sales tax/fees and trade loan payoff, despite adjacent copy implying negative equity is addressed.",UNKNOWN,UNKNOWN,UNKNOWN,UNKNOWN,24,UNKNOWN,13,14,7,UNKNOWN,FIX,P2,"Standard payment on price - down - trade is correct. It omits sales tax/fees and trade loan payoff, despite adjacent copy implying negative equity is addressed.","reports/audits/tool-integrity/calculators.md; tests/e2e/tool-audit/functional-smoke.spec.ts; tests/e2e/tool-audit/unit-converter-smoke.spec.ts; Standard payment on price - down - trade is correct. It omits sales tax/fees and trade loan payoff, despite adjacent copy implying negative equity is addressed.",Do not promote; retain current URL pending repair and demand/backlink evidence; reassess indexation only through a separate approved SEO change,"Repair or narrow the user-visible promise before promotion, then add an independent regression for this documented limitation: Standard payment on price - down - trade is correct. It omits sales tax/fees and trade loan payoff, despite adjacent copy implying negative equity is addressed.","Standard payment on price - down - trade is correct. It omits sales tax/fees and trade loan payoff, despite adjacent copy implying negative equity is addressed.",NOT_IN_P0_P1_SCOPE,—,—,Historical audit evidence retained; this row was not reclassified in the P0/P1 remediation wave.,FIX,"Standard payment on price - down - trade is correct. It omits sales tax/fees and trade loan payoff, despite adjacent copy implying negative equity is addressed."
Credit Card Payoff Calculator,/calc/credit-card-payoff,calc,live,YES,YES,YES,YES,YES,WORKING_WITH_UNVERIFIED_OR_DEFECTIVE_EDGES,PARTIAL,"$1,000, 0%, $100; default interest; payment at/below interest; just above interest; >600 months","Independent formula/domain result for the tested inputs; comparison evidence uses expected → observed: 0% payoff 10 months → 10 months; normal simulation passes. $5,000, 22%, $91.6667 still owes about $4,901.46 after 600 months, but returns ok at the hard cap as if paid off.","Observed browser/source result and audit comparison: 0% payoff 10 months → 10 months; normal simulation passes. $5,000, 22%, $91.6667 still owes about $4,901.46 after 600 months, but returns ok at the hard cap as if paid off.",TRUE,PASS,UNVERIFIED,PARTIAL,Browser-local calculation; no input upload or persistence observed,No runtime service; embedded formulas/reference data require maintenance ownership,"0% payoff 10 months → 10 months; normal simulation passes. $5,000, 22%, $91.6667 still owes about $4,901.46 after 600 months, but returns ok at the hard cap as if paid off.",UNKNOWN,UNKNOWN,UNKNOWN,UNKNOWN,23,UNKNOWN,15,15,7,UNKNOWN,FIX,P2,"0% payoff 10 months → 10 months; normal simulation passes. $5,000, 22%, $91.6667 still owes about $4,901.46 after 600 months, but returns ok at the hard cap as if paid off.","reports/audits/tool-integrity/calculators.md; tests/e2e/tool-audit/functional-smoke.spec.ts; tests/e2e/tool-audit/unit-converter-smoke.spec.ts; 0% payoff 10 months → 10 months; normal simulation passes. $5,000, 22%, $91.6667 still owes about $4,901.46 after 600 months, but returns ok at the hard cap as if paid off.",Do not promote; retain current URL pending repair and demand/backlink evidence; reassess indexation only through a separate approved SEO change,"Repair or narrow the user-visible promise before promotion, then add an independent regression for this documented limitation: 0% payoff 10 months → 10 months; normal simulation passes. $5,000, 22%, $91.6667 still owes about $4,901.46 after 600 months, but returns ok at the hard cap as if paid off.","0% payoff 10 months → 10 months; normal simulation passes. $5,000, 22%, $91.6667 still owes about $4,901.46 after 600 months, but returns ok at the hard cap as if paid off.",NOT_IN_P0_P1_SCOPE,—,—,Historical audit evidence retained; this row was not reclassified in the P0/P1 remediation wave.,FIX,"0% payoff 10 months → 10 months; normal simulation passes. $5,000, 22%, $91.6667 still owes about $4,901.46 after 600 months, but returns ok at the hard cap as if paid off."
Savings Goal Calculator,/calc/savings-goal,calc,live,YES,YES,NO,YES,YES,WORKING_WITH_UNVERIFIED_OR_DEFECTIVE_EDGES,PARTIAL,"target $1,200, current 0, 0%, 12 months; positive rate; negative entries",Independent formula/domain result for the tested inputs; comparison evidence uses expected → observed: 0% expected $100/mo → $100.00; ordinary-annuity result matches end-of-month contribution recurrence. Interest timing is an assumption; negative inputs are not consistently rejected.,Observed browser/source result and audit comparison: 0% expected $100/mo → $100.00; ordinary-annuity result matches end-of-month contribution recurrence. Interest timing is an assumption; negative inputs are not consistently rejected.,TRUE,PASS,UNVERIFIED,PARTIAL,Browser-local calculation; no input upload or persistence observed,No runtime service; embedded formulas/reference data require maintenance ownership,0% expected $100/mo → $100.00; ordinary-annuity result matches end-of-month contribution recurrence. Interest timing is an assumption; negative inputs are not consistently rejected.,UNKNOWN,UNKNOWN,UNKNOWN,UNKNOWN,28,UNKNOWN,11,11,7,UNKNOWN,FIX,P3,0% expected $100/mo → $100.00; ordinary-annuity result matches end-of-month contribution recurrence. Interest timing is an assumption; negative inputs are not consistently rejected.,reports/audits/tool-integrity/calculators.md; tests/e2e/tool-audit/functional-smoke.spec.ts; tests/e2e/tool-audit/unit-converter-smoke.spec.ts; 0% expected $100/mo → $100.00; ordinary-annuity result matches end-of-month contribution recurrence. Interest timing is an assumption; negative inputs are not consistently rejected.,"Do not promote this sensitive estimate; retain its current URL only while input-domain guards, contribution timing, and estimate-only boundaries are completed and reviewed through normal SEO governance.","Repair the public boundary and evidence for input-domain guards, contribution timing, and estimate-only boundaries; keep clear estimate-only limitations and regression coverage before any promotion.",0% expected $100/mo → $100.00; ordinary-annuity result matches end-of-month contribution recurrence. Interest timing is an assumption; negative inputs are not consistently rejected.,NOT_IN_P0_P1_SCOPE,—,—,Historical audit evidence retained; this row was not reclassified in the P0/P1 remediation wave.,KEEP,0% expected $100/mo → $100.00; ordinary-annuity result matches end-of-month contribution recurrence. Interest timing is an assumption; negative inputs are not consistently rejected.
Retirement Calculator,/calc/retirement,calc,live,YES,YES,NO,YES,YES,WORKING_WITH_UNVERIFIED_OR_DEFECTIVE_EDGES,PARTIAL,current age/retirement age; 0% return; inflation on/off; 4% withdrawal,"Independent formula/domain result for the tested inputs; comparison evidence uses expected → observed: Projection recurrence and 4% arithmetic are internally correct under nominal, constant-return assumptions. No fees, taxes, sequence risk, pensions, or probabilistic range; visible estimate/not-advice language is helpful. Qualified financial review required.","Observed browser/source result and audit comparison: Projection recurrence and 4% arithmetic are internally correct under nominal, constant-return assumptions. No fees, taxes, sequence risk, pensions, or probabilistic range; visible estimate/not-advice language is helpful. Qualified financial review required.",TRUE,PASS,UNVERIFIED,PARTIAL,Browser-local calculation; no input upload or persistence observed,No runtime service; embedded formulas/reference data require maintenance ownership,"Projection recurrence and 4% arithmetic are internally correct under nominal, constant-return assumptions. No fees, taxes, sequence risk, pensions, or probabilistic range; visible estimate/not-advice language is helpful. Qualified financial review required.",UNKNOWN,UNKNOWN,UNKNOWN,UNKNOWN,25,UNKNOWN,13,11,6,UNKNOWN,FIX,P2,"Projection recurrence and 4% arithmetic are internally correct under nominal, constant-return assumptions. No fees, taxes, sequence risk, pensions, or probabilistic range; visible estimate/not-advice language is helpful. Qualified financial review required.","reports/audits/tool-integrity/calculators.md; tests/e2e/tool-audit/functional-smoke.spec.ts; tests/e2e/tool-audit/unit-converter-smoke.spec.ts; Projection recurrence and 4% arithmetic are internally correct under nominal, constant-return assumptions. No fees, taxes, sequence risk, pensions, or probabilistic range; visible estimate/not-advice language is helpful. Qualified financial review required.",Do not promote this sensitive estimate; retain its current URL only while qualified financial review and fees/taxes/sequence-risk boundaries are completed and reviewed through normal SEO governance.,Repair the public boundary and evidence for qualified financial review and fees/taxes/sequence-risk boundaries; keep clear estimate-only limitations and regression coverage before any promotion.,"Projection recurrence and 4% arithmetic are internally correct under nominal, constant-return assumptions. No fees, taxes, sequence risk, pensions, or probabilistic range; visible estimate/not-advice language is helpful. Qualified financial review required.",NOT_IN_P0_P1_SCOPE,—,—,Historical audit evidence retained; this row was not reclassified in the P0/P1 remediation wave.,KEEP,"Projection recurrence and 4% arithmetic are internally correct under nominal, constant-return assumptions. No fees, taxes, sequence risk, pensions, or probabilistic range; visible estimate/not-advice language is helpful. Qualified financial review required."
Investment Return Calculator,/calc/investment-return,calc,live,YES,YES,NO,YES,YES,WORKING_WITH_UNVERIFIED_OR_DEFECTIVE_EDGES,PARTIAL,"$1,000, 0 contribution, 0%, 10y; monthly contribution; negative return","Independent formula/domain result for the tested inputs; comparison evidence uses expected → observed: 0% expected $1,000 → $1,000; monthly recurrence passes. Constant return, end-of-month deposits, no fees/taxes/volatility. Qualified financial review required.","Observed browser/source result and audit comparison: 0% expected $1,000 → $1,000; monthly recurrence passes. Constant return, end-of-month deposits, no fees/taxes/volatility. Qualified financial review required.",TRUE,PASS,UNVERIFIED,PARTIAL,Browser-local calculation; no input upload or persistence observed,No runtime service; embedded formulas/reference data require maintenance ownership,"0% expected $1,000 → $1,000; monthly recurrence passes. Constant return, end-of-month deposits, no fees/taxes/volatility. Qualified financial review required.",UNKNOWN,UNKNOWN,UNKNOWN,UNKNOWN,26,UNKNOWN,11,11,7,UNKNOWN,FIX,P2,"0% expected $1,000 → $1,000; monthly recurrence passes. Constant return, end-of-month deposits, no fees/taxes/volatility. Qualified financial review required.","reports/audits/tool-integrity/calculators.md; tests/e2e/tool-audit/functional-smoke.spec.ts; tests/e2e/tool-audit/unit-converter-smoke.spec.ts; 0% expected $1,000 → $1,000; monthly recurrence passes. Constant return, end-of-month deposits, no fees/taxes/volatility. Qualified financial review required.",Do not promote this sensitive estimate; retain its current URL only while qualified financial review and fees/taxes/volatility boundaries are completed and reviewed through normal SEO governance.,Repair the public boundary and evidence for qualified financial review and fees/taxes/volatility boundaries; keep clear estimate-only limitations and regression coverage before any promotion.,"0% expected $1,000 → $1,000; monthly recurrence passes. Constant return, end-of-month deposits, no fees/taxes/volatility. Qualified financial review required.",NOT_IN_P0_P1_SCOPE,—,—,Historical audit evidence retained; this row was not reclassified in the P0/P1 remediation wave.,KEEP,"0% expected $1,000 → $1,000; monthly recurrence passes. Constant return, end-of-month deposits, no fees/taxes/volatility. Qualified financial review required."
Debt-to-Income Calculator,/calc/debt-to-income,calc,live,YES,YES,NO,YES,YES,WORKING_WITH_UNVERIFIED_OR_DEFECTIVE_EDGES,PARTIAL,"$6,000 income and $2,200 listed obligations; zero income; negative debt",Independent formula/domain result for the tested inputs; comparison evidence uses expected → observed: 36.67% → 36.7%; arithmetic passes. It treats rent and mortgage interchangeably and presents lender bands as universal; underwriting conventions vary by loan and geography.,Observed browser/source result and audit comparison: 36.67% → 36.7%; arithmetic passes. It treats rent and mortgage interchangeably and presents lender bands as universal; underwriting conventions vary by loan and geography.,TRUE,PASS,UNVERIFIED,PARTIAL,Browser-local calculation; no input upload or persistence observed,No runtime service; embedded formulas/reference data require maintenance ownership,36.67% → 36.7%; arithmetic passes. It treats rent and mortgage interchangeably and presents lender bands as universal; underwriting conventions vary by loan and geography.,UNKNOWN,UNKNOWN,UNKNOWN,UNKNOWN,25,UNKNOWN,13,14,8,UNKNOWN,FIX,P2,36.67% → 36.7%; arithmetic passes. It treats rent and mortgage interchangeably and presents lender bands as universal; underwriting conventions vary by loan and geography.,reports/audits/tool-integrity/calculators.md; tests/e2e/tool-audit/functional-smoke.spec.ts; tests/e2e/tool-audit/unit-converter-smoke.spec.ts; 36.67% → 36.7%; arithmetic passes. It treats rent and mortgage interchangeably and presents lender bands as universal; underwriting conventions vary by loan and geography.,Do not promote; retain current URL pending repair and demand/backlink evidence; reassess indexation only through a separate approved SEO change,"Repair or narrow the user-visible promise before promotion, then add an independent regression for this documented limitation: 36.67% → 36.7%; arithmetic passes. It treats rent and mortgage interchangeably and presents lender bands as universal; underwriting conventions vary by loan and geography.",36.67% → 36.7%; arithmetic passes. It treats rent and mortgage interchangeably and presents lender bands as universal; underwriting conventions vary by loan and geography.,NOT_IN_P0_P1_SCOPE,—,—,Historical audit evidence retained; this row was not reclassified in the P0/P1 remediation wave.,FIX,36.67% → 36.7%; arithmetic passes. It treats rent and mortgage interchangeably and presents lender bands as universal; underwriting conventions vary by loan and geography.
Net Worth Calculator,/calc/net-worth,calc,live,YES,YES,NO,YES,YES,WORKING_WITH_UNVERIFIED_OR_DEFECTIVE_EDGES,PARTIAL,"assets $1,000; liabilities $250; add/remove; negatives; empty","Independent formula/domain result for the tested inputs; comparison evidence uses expected → observed: $750 → $750; sum/subtraction passes. Negative values can invert an item’s meaning, and repeated remove controls have generic accessible names.","Observed browser/source result and audit comparison: $750 → $750; sum/subtraction passes. Negative values can invert an item’s meaning, and repeated remove controls have generic accessible names.",TRUE,PASS,UNVERIFIED,PARTIAL,Browser-local calculation; no input upload or persistence observed,No runtime service; embedded formulas/reference data require maintenance ownership,"$750 → $750; sum/subtraction passes. Negative values can invert an item’s meaning, and repeated remove controls have generic accessible names.",UNKNOWN,UNKNOWN,UNKNOWN,UNKNOWN,28,UNKNOWN,11,14,8,UNKNOWN,KEEP,P3,"$750 → $750; sum/subtraction passes. Negative values can invert an item’s meaning, and repeated remove controls have generic accessible names.","reports/audits/tool-integrity/calculators.md; tests/e2e/tool-audit/functional-smoke.spec.ts; tests/e2e/tool-audit/unit-converter-smoke.spec.ts; $750 → $750; sum/subtraction passes. Negative values can invert an item’s meaning, and repeated remove controls have generic accessible names.",Retain current URL/indexation; validate demand with GSC before promotion or content expansion,"Retain the tool, address the documented limitations, and add missing mobile/accessibility/output evidence before promotion: $750 → $750; sum/subtraction passes. Negative values can invert an item’s meaning, and repeated remove controls have generic accessible names.","$750 → $750; sum/subtraction passes. Negative values can invert an item’s meaning, and repeated remove controls have generic accessible names.",NOT_IN_P0_P1_SCOPE,—,—,Historical audit evidence retained; this row was not reclassified in the P0/P1 remediation wave.,KEEP,"$750 → $750; sum/subtraction passes. Negative values can invert an item’s meaning, and repeated remove controls have generic accessible names."
Sales Tax Calculator,/calc/sales-tax,calc,live,YES,YES,NO,YES,YES,WORKING_WITH_UNVERIFIED_OR_DEFECTIVE_EDGES,PARTIAL,$100 at 8%; reverse $108; 0%; state preset; local/product cases,"Independent formula/domain result for the tested inputs; comparison evidence uses expected → observed: Forward $108 → $108; reverse $100 pre-tax → $100. Presets are state base rates only and are presented as 2025 data; local, product, holiday, and nexus rules are omitted.","Observed browser/source result and audit comparison: Forward $108 → $108; reverse $100 pre-tax → $100. Presets are state base rates only and are presented as 2025 data; local, product, holiday, and nexus rules are omitted.",TRUE,PASS,UNVERIFIED,PARTIAL,Browser-local calculation; no input upload or persistence observed,No runtime service; embedded formulas/reference data require maintenance ownership,"Forward $108 → $108; reverse $100 pre-tax → $100. Presets are state base rates only and are presented as 2025 data; local, product, holiday, and nexus rules are omitted.",UNKNOWN,UNKNOWN,UNKNOWN,UNKNOWN,24,UNKNOWN,14,14,6,UNKNOWN,FIX,P2,"Forward $108 → $108; reverse $100 pre-tax → $100. Presets are state base rates only and are presented as 2025 data; local, product, holiday, and nexus rules are omitted.","reports/audits/tool-integrity/calculators.md; tests/e2e/tool-audit/functional-smoke.spec.ts; tests/e2e/tool-audit/unit-converter-smoke.spec.ts; Forward $108 → $108; reverse $100 pre-tax → $100. Presets are state base rates only and are presented as 2025 data; local, product, holiday, and nexus rules are omitted.",Do not promote; retain current URL pending repair and demand/backlink evidence; reassess indexation only through a separate approved SEO change,"Repair or narrow the user-visible promise before promotion, then add an independent regression for this documented limitation: Forward $108 → $108; reverse $100 pre-tax → $100. Presets are state base rates only and are presented as 2025 data; local, product, holiday, and nexus rules are omitted.","Forward $108 → $108; reverse $100 pre-tax → $100. Presets are state base rates only and are presented as 2025 data; local, product, holiday, and nexus rules are omitted.",NOT_IN_P0_P1_SCOPE,—,—,Historical audit evidence retained; this row was not reclassified in the P0/P1 remediation wave.,FIX,"Forward $108 → $108; reverse $100 pre-tax → $100. Presets are state base rates only and are presented as 2025 data; local, product, holiday, and nexus rules are omitted."
Amortization Calculator,/calc/amortization,calc,live,YES,YES,NO,YES,YES,CORE_DEFECT_OR_HARD_GATE,FAIL,"$300k, 6.5%, 30y, $100 extra; 0%; no extra; payoff month","$300,000 at 6.5% for 30 years plus $100/month ends near an $819.21 final payment and $621,638.68 total paid","Displayed a $1,896.20 final payment and $622,715.67 total paid",TRUE,PASS,UNVERIFIED,PARTIAL,Browser-local calculation; no input upload or persistence observed,No runtime service; embedded formulas/reference data require maintenance ownership,"Final expected $819.21 → $1,896.20; total expected $621,638.68 → $622,715.67.",UNKNOWN,UNKNOWN,UNKNOWN,UNKNOWN,14,UNKNOWN,13,14,6,UNKNOWN,FIX,P1,"Final expected $819.21 → $1,896.20; total expected $621,638.68 → $622,715.67.","reports/audits/tool-integrity/calculators.md; tests/e2e/tool-audit/functional-smoke.spec.ts; tests/e2e/tool-audit/unit-converter-smoke.spec.ts; Final expected $819.21 → $1,896.20; total expected $621,638.68 → $622,715.67.",Do not promote; retain current URL pending repair and demand/backlink evidence; reassess indexation only through a separate approved SEO change,"Cap the payoff-month payment at remaining principal plus interest, then recompute total paid; add extra-payment regression coverage for final payment, interest, and payoff month","Final expected $819.21 → $1,896.20; total expected $621,638.68 → $622,715.67.",FIXED,components/tools/AmortizationCalculator.tsx; lib/p1-remediation/finance.ts,tests/p1-date-schedule.test.mjs; tests/e2e/p1-date-schedule.spec.ts,"Audit fixture final payment is $819.21, total paid $621,638.68, month 312 balance $0.00, and principal reconciles to $300,000; short and zero-rate cases pass.",KEEP as a full-precision estimator with a capped payoff row.,Lenders that round each monthly transaction to cents can differ slightly.
Car Payment Calculator,/calc/car-payment,calc,live,YES,YES,NO,YES,YES,WORKING_WITH_UNVERIFIED_OR_DEFECTIVE_EDGES,PARTIAL,standard amount/rate/term/down payment; 0%; compare Auto Loan,"Independent formula/domain result for the tested inputs; comparison evidence uses expected → observed: Core payment formula works, with the same tax/fee limitations and less capability than Auto Loan. Duplicates the same intent and should redirect/converge on Auto Loan after parity review.","Observed browser/source result and audit comparison: Core payment formula works, with the same tax/fee limitations and less capability than Auto Loan. Duplicates the same intent and should redirect/converge on Auto Loan after parity review.",TRUE,PASS,UNVERIFIED,PARTIAL,Browser-local calculation; no input upload or persistence observed,No runtime service; embedded formulas/reference data require maintenance ownership,"Core payment formula works, with the same tax/fee limitations and less capability than Auto Loan. Duplicates the same intent and should redirect/converge on Auto Loan after parity review.",UNKNOWN,UNKNOWN,UNKNOWN,UNKNOWN,25,UNKNOWN,2,8,5,UNKNOWN,CONSOLIDATE,P2,"Core payment formula works, with the same tax/fee limitations and less capability than Auto Loan. Duplicates the same intent and should redirect/converge on Auto Loan after parity review.","reports/audits/tool-integrity/calculators.md; tests/e2e/tool-audit/functional-smoke.spec.ts; tests/e2e/tool-audit/unit-converter-smoke.spec.ts; Core payment formula works, with the same tax/fee limitations and less capability than Auto Loan. Duplicates the same intent and should redirect/converge on Auto Loan after parity review.","Do not change the source URL yet. After GSC/backlink evidence and input/result parity, ship one direct 301 to /calc/auto-loan, remove the source from sitemap, registry, search, and internal links, and do not serve an intentional 404 or 410.","Consolidate this route into /calc/auto-loan after same payment intent with less capability is proven; retain the source until the approved 301, user migration, discovery cleanup, and rollback window are complete.","Core payment formula works, with the same tax/fee limitations and less capability than Auto Loan. Duplicates the same intent and should redirect/converge on Auto Loan after parity review.",NOT_IN_P0_P1_SCOPE,—,—,Historical audit evidence retained; this row was not reclassified in the P0/P1 remediation wave.,CONSOLIDATE,"Core payment formula works, with the same tax/fee limitations and less capability than Auto Loan. Duplicates the same intent and should redirect/converge on Auto Loan after parity review."
Paycheck Calculator,/calc/paycheck,calc,live,YES,YES,NO,YES,YES,CORE_DEFECT_OR_HARD_GATE,FAIL,"$3,000 biweekly, single, TX; $1m annualized boundary; per-period pre-tax","For $3,000 biweekly single/Texas under 2026 federal rules: $2,450.12 net per check","Displayed $2,433.04 and shares the stale thresholds/omitted Additional Medicare Tax model",TRUE,PASS,UNVERIFIED,PARTIAL,Browser-local calculation; no input upload or persistence observed,No runtime service; embedded formulas/reference data require maintenance ownership,"2026 expected $2,450.12/check → $2,433.04; shares stale tables and missing Additional Medicare with Take-Home Pay.",UNKNOWN,UNKNOWN,UNKNOWN,UNKNOWN,0,UNKNOWN,7,5,3,UNKNOWN,HIDE,P1,"2026 expected $2,450.12/check → $2,433.04; shares stale tables and missing Additional Medicare with Take-Home Pay.","reports/audits/tool-integrity/calculators.md; tests/e2e/tool-audit/functional-smoke.spec.ts; tests/e2e/tool-audit/unit-converter-smoke.spec.ts; 2026 expected $2,450.12/check → $2,433.04; shares stale tables and missing Additional Medicare with Take-Home Pay.","Keep the route out of promotion; any noindex, sitemap, navigation, or redirect change requires a separately approved SEO release after the same sourced, current payroll engine and update policy is verified.","Hide from public discovery and promotion pending the same sourced, current payroll engine and update policy; retain only a bounded review/status path and do not present the current behavior as a user-safe result.","2026 expected $2,450.12/check → $2,433.04; shares stale tables and missing Additional Medicare with Take-Home Pay.",CONTAINED,app/calc/paycheck/page.tsx; components/tools/PaycheckCalculator.tsx; lib/tools.ts; lib/search-index.ts; lib/site-structure.ts,tests/p1-high-risk-calculators.test.mjs; tests/e2e/p1-containment.spec.ts; tests/tool-integrity-discovery.test.mjs,Stale calculator execution and tax claims were removed; direct route is noindexed and points to the IRS estimator; all discovery projections exclude it.,"HIDE until the same sourced, year-specific, jurisdiction-explicit payroll engine required by Take-Home Pay exists.","No current federal, state, or local payroll estimator remains; relaunch also needs an update/versioning policy."
Down Payment Calculator,/calc/down-payment,calc,live,YES,YES,NO,YES,YES,WORKING_WITH_UNVERIFIED_OR_DEFECTIVE_EDGES,PARTIAL,$400k at 20%; current savings; 0 months; <20%,"Independent formula/domain result for the tested inputs; comparison evidence uses expected → observed: $80,000 → $80,000; linear savings arithmetic passes. Savings growth is excluded and PMI message is a U.S. rule-of-thumb, not a lender quote.","Observed browser/source result and audit comparison: $80,000 → $80,000; linear savings arithmetic passes. Savings growth is excluded and PMI message is a U.S. rule-of-thumb, not a lender quote.",TRUE,PASS,UNVERIFIED,PARTIAL,Browser-local calculation; no input upload or persistence observed,No runtime service; embedded formulas/reference data require maintenance ownership,"$80,000 → $80,000; linear savings arithmetic passes. Savings growth is excluded and PMI message is a U.S. rule-of-thumb, not a lender quote.",UNKNOWN,UNKNOWN,UNKNOWN,UNKNOWN,28,UNKNOWN,10,10,7,UNKNOWN,FIX,P3,"$80,000 → $80,000; linear savings arithmetic passes. Savings growth is excluded and PMI message is a U.S. rule-of-thumb, not a lender quote.","reports/audits/tool-integrity/calculators.md; tests/e2e/tool-audit/functional-smoke.spec.ts; tests/e2e/tool-audit/unit-converter-smoke.spec.ts; $80,000 → $80,000; linear savings arithmetic passes. Savings growth is excluded and PMI message is a U.S. rule-of-thumb, not a lender quote.","Do not promote this sensitive estimate; retain its current URL only while lender/PMI assumptions, input validation, and estimate-only boundaries are completed and reviewed through normal SEO governance.","Repair the public boundary and evidence for lender/PMI assumptions, input validation, and estimate-only boundaries; keep clear estimate-only limitations and regression coverage before any promotion.","$80,000 → $80,000; linear savings arithmetic passes. Savings growth is excluded and PMI message is a U.S. rule-of-thumb, not a lender quote.",NOT_IN_P0_P1_SCOPE,—,—,Historical audit evidence retained; this row was not reclassified in the P0/P1 remediation wave.,KEEP,"$80,000 → $80,000; linear savings arithmetic passes. Savings growth is excluded and PMI message is a U.S. rule-of-thumb, not a lender quote."
Calorie Calculator (TDEE),/calc/calorie,calc,live,YES,YES,YES,YES,YES,WORKING_WITH_UNVERIFIED_OR_DEFECTIVE_EDGES,PARTIAL,Mifflin-St Jeor male/female; lb/kg; activity presets; gain/loss; min values,Independent formula/domain result for the tested inputs; comparison evidence uses expected → observed: BMR/TDEE formulas and unit conversion match independent arithmetic for normal adults. Fixed ±500 targets can become clinically inappropriate or negative at accepted boundaries; adult scope and population limits need qualified nutrition review.,Observed browser/source result and audit comparison: BMR/TDEE formulas and unit conversion match independent arithmetic for normal adults. Fixed ±500 targets can become clinically inappropriate or negative at accepted boundaries; adult scope and population limits need qualified nutrition review.,TRUE,PASS,UNVERIFIED,PARTIAL,Browser-local calculation; no input upload or persistence observed,No runtime service; embedded formulas/reference data require maintenance ownership,BMR/TDEE formulas and unit conversion match independent arithmetic for normal adults. Fixed ±500 targets can become clinically inappropriate or negative at accepted boundaries; adult scope and population limits need qualified nutrition review.,UNKNOWN,UNKNOWN,UNKNOWN,UNKNOWN,24,UNKNOWN,15,14,7,UNKNOWN,FIX,P2,BMR/TDEE formulas and unit conversion match independent arithmetic for normal adults. Fixed ±500 targets can become clinically inappropriate or negative at accepted boundaries; adult scope and population limits need qualified nutrition review.,reports/audits/tool-integrity/calculators.md; tests/e2e/tool-audit/functional-smoke.spec.ts; tests/e2e/tool-audit/unit-converter-smoke.spec.ts; BMR/TDEE formulas and unit conversion match independent arithmetic for normal adults. Fixed ±500 targets can become clinically inappropriate or negative at accepted boundaries; adult scope and population limits need qualified nutrition review.,Do not promote; retain current URL pending repair and demand/backlink evidence; reassess indexation only through a separate approved SEO change,"Repair or narrow the user-visible promise before promotion, then add an independent regression for this documented limitation: BMR/TDEE formulas and unit conversion match independent arithmetic for normal adults. Fixed ±500 targets can become clinically inappropriate or negative at accepted boundaries; adult scope and population limits need qualified nutrition review.",BMR/TDEE formulas and unit conversion match independent arithmetic for normal adults. Fixed ±500 targets can become clinically inappropriate or negative at accepted boundaries; adult scope and population limits need qualified nutrition review.,NOT_IN_P0_P1_SCOPE,—,—,Historical audit evidence retained; this row was not reclassified in the P0/P1 remediation wave.,FIX,BMR/TDEE formulas and unit conversion match independent arithmetic for normal adults. Fixed ±500 targets can become clinically inappropriate or negative at accepted boundaries; adult scope and population limits need qualified nutrition review.
Macro Calculator,/calc/macro,calc,live,YES,YES,NO,YES,YES,WORKING_WITH_UNVERIFIED_OR_DEFECTIVE_EDGES,PARTIAL,"2,000 kcal, 30/40/30; presets; custom sum ≠100; negative percentages","Independent formula/domain result for the tested inputs; comparison evidence uses expected → observed: Expected protein 150g, carbs 200g, fat 66.7g → same. Custom percentages are silently normalized, and typed negatives can produce negative grams. Keto/high-protein guidance needs qualified nutrition review.","Observed browser/source result and audit comparison: Expected protein 150g, carbs 200g, fat 66.7g → same. Custom percentages are silently normalized, and typed negatives can produce negative grams. Keto/high-protein guidance needs qualified nutrition review.",TRUE,PASS,UNVERIFIED,PARTIAL,Browser-local calculation; no input upload or persistence observed,No runtime service; embedded formulas/reference data require maintenance ownership,"Expected protein 150g, carbs 200g, fat 66.7g → same. Custom percentages are silently normalized, and typed negatives can produce negative grams. Keto/high-protein guidance needs qualified nutrition review.",UNKNOWN,UNKNOWN,UNKNOWN,UNKNOWN,24,UNKNOWN,14,14,7,UNKNOWN,FIX,P2,"Expected protein 150g, carbs 200g, fat 66.7g → same. Custom percentages are silently normalized, and typed negatives can produce negative grams. Keto/high-protein guidance needs qualified nutrition review.","reports/audits/tool-integrity/calculators.md; tests/e2e/tool-audit/functional-smoke.spec.ts; tests/e2e/tool-audit/unit-converter-smoke.spec.ts; Expected protein 150g, carbs 200g, fat 66.7g → same. Custom percentages are silently normalized, and typed negatives can produce negative grams. Keto/high-protein guidance needs qualified nutrition review.",Do not promote; retain current URL pending repair and demand/backlink evidence; reassess indexation only through a separate approved SEO change,"Repair or narrow the user-visible promise before promotion, then add an independent regression for this documented limitation: Expected protein 150g, carbs 200g, fat 66.7g → same. Custom percentages are silently normalized, and typed negatives can produce negative grams. Keto/high-protein guidance needs qualified nutrition review.","Expected protein 150g, carbs 200g, fat 66.7g → same. Custom percentages are silently normalized, and typed negatives can produce negative grams. Keto/high-protein guidance needs qualified nutrition review.",NOT_IN_P0_P1_SCOPE,—,—,Historical audit evidence retained; this row was not reclassified in the P0/P1 remediation wave.,FIX,"Expected protein 150g, carbs 200g, fat 66.7g → same. Custom percentages are silently normalized, and typed negatives can produce negative grams. Keto/high-protein guidance needs qualified nutrition review."
Body Fat Calculator,/calc/body-fat,calc,live,YES,YES,NO,YES,YES,CORE_DEFECT_OR_HARD_GATE,FAIL,male/female Navy examples; imperial/metric parity; BMI method; waist≤neck,Male 5′10″/34″ waist/15″ neck yields about 17.5%; comparable female fixture yields about 27.9% using the Navy inch-domain equation,Displayed 24.0% for the male fixture and 54.5% for the female fixture,TRUE,PASS,UNVERIFIED,PARTIAL,Browser-local calculation; no input upload or persistence observed,No runtime service; embedded formulas/reference data require maintenance ownership,Male expected 17.5% → 24.0%; female 27.9% → 54.5%.,UNKNOWN,UNKNOWN,UNKNOWN,UNKNOWN,5,UNKNOWN,12,5,4,UNKNOWN,HIDE,P1,Male expected 17.5% → 24.0%; female 27.9% → 54.5%.,reports/audits/tool-integrity/calculators.md; tests/e2e/tool-audit/functional-smoke.spec.ts; tests/e2e/tool-audit/unit-converter-smoke.spec.ts; Male expected 17.5% → 24.0%; female 27.9% → 54.5%.,"Keep the route out of promotion; any noindex, sitemap, navigation, or redirect change requires a separately approved SEO release after qualified clinical/fitness review and a non-diagnostic public boundary is verified.",Hide from public discovery and promotion pending qualified clinical/fitness review and a non-diagnostic public boundary; retain only a bounded review/status path and do not present the current behavior as a user-safe result.,Male expected 17.5% → 24.0%; female 27.9% → 54.5%.,FIXED,components/tools/BodyFatCalculator.tsx; lib/p1-remediation/body-fat.ts; lib/tools.ts,tests/p1-high-risk-calculators.test.mjs; tests/e2e/p1-high-risk-calculators.spec.ts,Published Hodgdon-Beckett body-density equations now receive centimeters explicitly; imperial/metric parity and impossible inputs pass; formula and screening limitation are visible.,KEEP as a legacy screening estimate with source and limitation; do not present it as the current official Navy BCA or a clinical measurement.,The legacy regression has individual error and is not the current official Navy process; the BMI method is also a screening regression.
Due Date Calculator,/calc/due-date,calc,live,YES,YES,NO,YES,YES,WORKING_WITH_UNVERIFIED_OR_DEFECTIVE_EDGES,PARTIAL,LMP 2026-01-01; cycle length 28/longer; conception; IVF day 3/5; future/past,Independent formula/domain result for the tested inputs; comparison evidence uses expected → observed: LMP expected 2026-10-08 → 2026-10-08; conception +266 and IVF +263/+261 arithmetic is sound. Current gestational day is local-time/DST-sensitive; cycle and eligibility assumptions need qualified obstetric review.,Observed browser/source result and audit comparison: LMP expected 2026-10-08 → 2026-10-08; conception +266 and IVF +263/+261 arithmetic is sound. Current gestational day is local-time/DST-sensitive; cycle and eligibility assumptions need qualified obstetric review.,TRUE,PASS,UNVERIFIED,PARTIAL,Browser-local calculation; no input upload or persistence observed,No runtime service; embedded formulas/reference data require maintenance ownership,LMP expected 2026-10-08 → 2026-10-08; conception +266 and IVF +263/+261 arithmetic is sound. Current gestational day is local-time/DST-sensitive; cycle and eligibility assumptions need qualified obstetric review.,UNKNOWN,UNKNOWN,UNKNOWN,UNKNOWN,25,UNKNOWN,13,5,5,UNKNOWN,HIDE,P2,LMP expected 2026-10-08 → 2026-10-08; conception +266 and IVF +263/+261 arithmetic is sound. Current gestational day is local-time/DST-sensitive; cycle and eligibility assumptions need qualified obstetric review.,reports/audits/tool-integrity/calculators.md; tests/e2e/tool-audit/functional-smoke.spec.ts; tests/e2e/tool-audit/unit-converter-smoke.spec.ts; LMP expected 2026-10-08 → 2026-10-08; conception +266 and IVF +263/+261 arithmetic is sound. Current gestational day is local-time/DST-sensitive; cycle and eligibility assumptions need qualified obstetric review.,"Keep the route out of promotion; any noindex, sitemap, navigation, or redirect change requires a separately approved SEO release after qualified obstetric review and explicit eligibility/uncertainty boundaries is verified.",Hide from public discovery and promotion pending qualified obstetric review and explicit eligibility/uncertainty boundaries; retain only a bounded review/status path and do not present the current behavior as a user-safe result.,LMP expected 2026-10-08 → 2026-10-08; conception +266 and IVF +263/+261 arithmetic is sound. Current gestational day is local-time/DST-sensitive; cycle and eligibility assumptions need qualified obstetric review.,NOT_IN_P0_P1_SCOPE,—,—,Historical audit evidence retained; this row was not reclassified in the P0/P1 remediation wave.,FIX,LMP expected 2026-10-08 → 2026-10-08; conception +266 and IVF +263/+261 arithmetic is sound. Current gestational day is local-time/DST-sensitive; cycle and eligibility assumptions need qualified obstetric review.
Ovulation Calculator,/calc/ovulation,calc,live,YES,YES,NO,YES,YES,WORKING_WITH_UNVERIFIED_OR_DEFECTIVE_EDGES,PARTIAL,"LMP 2026-06-01, 28-day cycle; 21/35 boundaries; irregular cycle",Independent formula/domain result for the tested inputs; comparison evidence uses expected → observed: Expected ovulation 2026-06-15 and fertile window 2026-06-10..15 → same. Calendar prediction is not contraception and is unreliable for irregular cycles; qualified review and explicit birth-control warning are required.,Observed browser/source result and audit comparison: Expected ovulation 2026-06-15 and fertile window 2026-06-10..15 → same. Calendar prediction is not contraception and is unreliable for irregular cycles; qualified review and explicit birth-control warning are required.,TRUE,PASS,UNVERIFIED,PARTIAL,Browser-local calculation; no input upload or persistence observed,No runtime service; embedded formulas/reference data require maintenance ownership,Expected ovulation 2026-06-15 and fertile window 2026-06-10..15 → same. Calendar prediction is not contraception and is unreliable for irregular cycles; qualified review and explicit birth-control warning are required.,UNKNOWN,UNKNOWN,UNKNOWN,UNKNOWN,25,UNKNOWN,12,4,5,UNKNOWN,HIDE,P2,Expected ovulation 2026-06-15 and fertile window 2026-06-10..15 → same. Calendar prediction is not contraception and is unreliable for irregular cycles; qualified review and explicit birth-control warning are required.,reports/audits/tool-integrity/calculators.md; tests/e2e/tool-audit/functional-smoke.spec.ts; tests/e2e/tool-audit/unit-converter-smoke.spec.ts; Expected ovulation 2026-06-15 and fertile window 2026-06-10..15 → same. Calendar prediction is not contraception and is unreliable for irregular cycles; qualified review and explicit birth-control warning are required.,"Keep the route out of promotion; any noindex, sitemap, navigation, or redirect change requires a separately approved SEO release after qualified reproductive-health review and non-contraception boundaries is verified.",Hide from public discovery and promotion pending qualified reproductive-health review and non-contraception boundaries; retain only a bounded review/status path and do not present the current behavior as a user-safe result.,Expected ovulation 2026-06-15 and fertile window 2026-06-10..15 → same. Calendar prediction is not contraception and is unreliable for irregular cycles; qualified review and explicit birth-control warning are required.,NOT_IN_P0_P1_SCOPE,—,—,Historical audit evidence retained; this row was not reclassified in the P0/P1 remediation wave.,FIX,Expected ovulation 2026-06-15 and fertile window 2026-06-10..15 → same. Calendar prediction is not contraception and is unreliable for irregular cycles; qualified review and explicit birth-control warning are required.
Ideal Weight Calculator,/calc/ideal-weight,calc,live,YES,YES,NO,YES,YES,WORKING_WITH_UNVERIFIED_OR_DEFECTIVE_EDGES,PARTIAL,male/female at 5 ft and 6 ft; metric parity; <5 ft; frame adjustment,Independent formula/domain result for the tested inputs; comparison evidence uses expected → observed: Devine/Robinson/Miller/Hamwi formulas reproduce their historical equations. The “ideal” framing and arbitrary ±10% frame adjustment are not clinical targets; retain only with qualified review and clearer purpose limits.,Observed browser/source result and audit comparison: Devine/Robinson/Miller/Hamwi formulas reproduce their historical equations. The “ideal” framing and arbitrary ±10% frame adjustment are not clinical targets; retain only with qualified review and clearer purpose limits.,TRUE,PASS,UNVERIFIED,PARTIAL,Browser-local calculation; no input upload or persistence observed,No runtime service; embedded formulas/reference data require maintenance ownership,Devine/Robinson/Miller/Hamwi formulas reproduce their historical equations. The “ideal” framing and arbitrary ±10% frame adjustment are not clinical targets; retain only with qualified review and clearer purpose limits.,UNKNOWN,UNKNOWN,UNKNOWN,UNKNOWN,24,UNKNOWN,10,4,5,UNKNOWN,HIDE,P2,Devine/Robinson/Miller/Hamwi formulas reproduce their historical equations. The “ideal” framing and arbitrary ±10% frame adjustment are not clinical targets; retain only with qualified review and clearer purpose limits.,reports/audits/tool-integrity/calculators.md; tests/e2e/tool-audit/functional-smoke.spec.ts; tests/e2e/tool-audit/unit-converter-smoke.spec.ts; Devine/Robinson/Miller/Hamwi formulas reproduce their historical equations. The “ideal” framing and arbitrary ±10% frame adjustment are not clinical targets; retain only with qualified review and clearer purpose limits.,"Keep the route out of promotion; any noindex, sitemap, navigation, or redirect change requires a separately approved SEO release after qualified review of framing, population limits, and non-target boundaries is verified.","Hide from public discovery and promotion pending qualified review of framing, population limits, and non-target boundaries; retain only a bounded review/status path and do not present the current behavior as a user-safe result.",Devine/Robinson/Miller/Hamwi formulas reproduce their historical equations. The “ideal” framing and arbitrary ±10% frame adjustment are not clinical targets; retain only with qualified review and clearer purpose limits.,NOT_IN_P0_P1_SCOPE,—,—,Historical audit evidence retained; this row was not reclassified in the P0/P1 remediation wave.,FIX,Devine/Robinson/Miller/Hamwi formulas reproduce their historical equations. The “ideal” framing and arbitrary ±10% frame adjustment are not clinical targets; retain only with qualified review and clearer purpose limits.
Calories Burned Calculator,/calc/calories-burned,calc,live,YES,YES,NO,YES,YES,WORKING_WITH_UNVERIFIED_OR_DEFECTIVE_EDGES,PARTIAL,"70 kg, MET 8, 60 min; lb/kg; zero duration; activity presets",Independent formula/domain result for the tested inputs; comparison evidence uses expected → observed: Expected 560 kcal → 560 kcal; MET × kg × hours gross-energy estimate passes. Embedded MET labels/rates are broad and unversioned; individual variation and net-vs-gross distinction need review.,Observed browser/source result and audit comparison: Expected 560 kcal → 560 kcal; MET × kg × hours gross-energy estimate passes. Embedded MET labels/rates are broad and unversioned; individual variation and net-vs-gross distinction need review.,TRUE,PASS,UNVERIFIED,PARTIAL,Browser-local calculation; no input upload or persistence observed,No runtime service; embedded formulas/reference data require maintenance ownership,Expected 560 kcal → 560 kcal; MET × kg × hours gross-energy estimate passes. Embedded MET labels/rates are broad and unversioned; individual variation and net-vs-gross distinction need review.,UNKNOWN,UNKNOWN,UNKNOWN,UNKNOWN,26,UNKNOWN,12,10,6,UNKNOWN,FIX,P2,Expected 560 kcal → 560 kcal; MET × kg × hours gross-energy estimate passes. Embedded MET labels/rates are broad and unversioned; individual variation and net-vs-gross distinction need review.,reports/audits/tool-integrity/calculators.md; tests/e2e/tool-audit/functional-smoke.spec.ts; tests/e2e/tool-audit/unit-converter-smoke.spec.ts; Expected 560 kcal → 560 kcal; MET × kg × hours gross-energy estimate passes. Embedded MET labels/rates are broad and unversioned; individual variation and net-vs-gross distinction need review.,"Do not promote this sensitive estimate; retain its current URL only while versioned MET evidence, individual-variation limits, and qualified review are completed and reviewed through normal SEO governance.","Repair the public boundary and evidence for versioned MET evidence, individual-variation limits, and qualified review; keep clear estimate-only limitations and regression coverage before any promotion.",Expected 560 kcal → 560 kcal; MET × kg × hours gross-energy estimate passes. Embedded MET labels/rates are broad and unversioned; individual variation and net-vs-gross distinction need review.,NOT_IN_P0_P1_SCOPE,—,—,Historical audit evidence retained; this row was not reclassified in the P0/P1 remediation wave.,KEEP,Expected 560 kcal → 560 kcal; MET × kg × hours gross-energy estimate passes. Embedded MET labels/rates are broad and unversioned; individual variation and net-vs-gross distinction need review.
Sleep Calculator,/calc/sleep,calc,live,YES,YES,YES,YES,YES,WORKING_WITH_UNVERIFIED_OR_DEFECTIVE_EDGES,PARTIAL,wake-time and bedtime modes; cycle count; midnight crossing; DST,"Independent formula/domain result for the tested inputs; comparison evidence uses expected → observed: 90-minute cycle arithmetic is internally consistent, including midnight wrap. Treating fixed 90-minute cycles as recommended timing overstates biological precision; age, sleep need, and sleep-disorder boundaries need qualified review.","Observed browser/source result and audit comparison: 90-minute cycle arithmetic is internally consistent, including midnight wrap. Treating fixed 90-minute cycles as recommended timing overstates biological precision; age, sleep need, and sleep-disorder boundaries need qualified review.",TRUE,PASS,UNVERIFIED,PARTIAL,Browser-local calculation; no input upload or persistence observed,No runtime service; embedded formulas/reference data require maintenance ownership,"90-minute cycle arithmetic is internally consistent, including midnight wrap. Treating fixed 90-minute cycles as recommended timing overstates biological precision; age, sleep need, and sleep-disorder boundaries need qualified review.",UNKNOWN,UNKNOWN,UNKNOWN,UNKNOWN,23,UNKNOWN,14,13,7,UNKNOWN,FIX,P2,"90-minute cycle arithmetic is internally consistent, including midnight wrap. Treating fixed 90-minute cycles as recommended timing overstates biological precision; age, sleep need, and sleep-disorder boundaries need qualified review.","reports/audits/tool-integrity/calculators.md; tests/e2e/tool-audit/functional-smoke.spec.ts; tests/e2e/tool-audit/unit-converter-smoke.spec.ts; 90-minute cycle arithmetic is internally consistent, including midnight wrap. Treating fixed 90-minute cycles as recommended timing overstates biological precision; age, sleep need, and sleep-disorder boundaries need qualified review.",Do not promote; retain current URL pending repair and demand/backlink evidence; reassess indexation only through a separate approved SEO change,"Repair or narrow the user-visible promise before promotion, then add an independent regression for this documented limitation: 90-minute cycle arithmetic is internally consistent, including midnight wrap. Treating fixed 90-minute cycles as recommended timing overstates biological precision; age, sleep need, and sleep-disorder boundaries need qualified review.","90-minute cycle arithmetic is internally consistent, including midnight wrap. Treating fixed 90-minute cycles as recommended timing overstates biological precision; age, sleep need, and sleep-disorder boundaries need qualified review.",NOT_IN_P0_P1_SCOPE,—,—,Historical audit evidence retained; this row was not reclassified in the P0/P1 remediation wave.,FIX,"90-minute cycle arithmetic is internally consistent, including midnight wrap. Treating fixed 90-minute cycles as recommended timing overstates biological precision; age, sleep need, and sleep-disorder boundaries need qualified review."
Pace Calculator,/calc/pace,calc,live,YES,YES,NO,YES,YES,CORE_DEFECT_OR_HARD_GATE,FAIL,3 mi in 17:59; preset distances; time/distance modes; zero; decimals,Three miles in 17:59 rounds to 6:00 per mile,Displayed 5:60 per mile,TRUE,PASS,UNVERIFIED,PARTIAL,Browser-local calculation; no input upload or persistence observed,No runtime service; embedded formulas/reference data require maintenance ownership,Expected 6:00/mi → 5:60/mi; normal non-boundary division works.,UNKNOWN,UNKNOWN,UNKNOWN,UNKNOWN,18,UNKNOWN,15,14,7,UNKNOWN,FIX,P1,Expected 6:00/mi → 5:60/mi; normal non-boundary division works.,reports/audits/tool-integrity/calculators.md; tests/e2e/tool-audit/functional-smoke.spec.ts; tests/e2e/tool-audit/unit-converter-smoke.spec.ts; Expected 6:00/mi → 5:60/mi; normal non-boundary division works.,Do not promote; retain current URL pending repair and demand/backlink evidence; reassess indexation only through a separate approved SEO change,"Normalize rounded seconds with carry into minutes/hours across pace, predictions, and splits; add boundary regressions around 59.5 seconds",Expected 6:00/mi → 5:60/mi; normal non-boundary division works.,FIXED,components/tools/PaceCalculator.tsx; lib/p1-remediation/pace.ts,tests/p1-date-schedule.test.mjs; tests/e2e/p1-date-schedule.spec.ts,"Rounding carries seconds into minutes/hours; 17:59 over 3 miles displays 6:00, the below-boundary case displays 5:59, and splits never emit :60.",KEEP.,Displayed pace is rounded to the nearest second.
Length Converter,/calc/convert/length,calc,live,YES,YES,NO,YES,YES,WORKING_IN_TESTED_SCOPE,PASS,1 m → 3.28084 ft,Independent formula/domain result for the tested inputs; comparison evidence uses expected → observed: Negative length and overflow are accepted/displayable.,Observed browser/source result and audit comparison: Negative length and overflow are accepted/displayable.,TRUE,PASS,UNVERIFIED,PARTIAL,Browser-local calculation; no input upload or persistence observed,No runtime service; embedded formulas/reference data require maintenance ownership,Negative length and overflow are accepted/displayable.,UNKNOWN,UNKNOWN,UNKNOWN,UNKNOWN,29,UNKNOWN,11,14,9,UNKNOWN,KEEP,P3,Negative length and overflow are accepted/displayable.,reports/audits/tool-integrity/calculators.md; tests/e2e/tool-audit/functional-smoke.spec.ts; tests/e2e/tool-audit/unit-converter-smoke.spec.ts; Negative length and overflow are accepted/displayable.,Retain current URL/indexation; validate demand with GSC before promotion or content expansion,"Retain the tool, address the documented limitations, and add missing mobile/accessibility/output evidence before promotion: Negative length and overflow are accepted/displayable.",Negative length and overflow are accepted/displayable.,NOT_IN_P0_P1_SCOPE,—,—,Historical audit evidence retained; this row was not reclassified in the P0/P1 remediation wave.,KEEP,Negative length and overflow are accepted/displayable.
Weight Converter,/calc/convert/weight,calc,live,YES,YES,NO,YES,YES,WORKING_IN_TESTED_SCOPE,PASS,1 kg → 2.20462 lb,Independent formula/domain result for the tested inputs; comparison evidence uses expected → observed: Negative mass and overflow are accepted/displayable.,Observed browser/source result and audit comparison: Negative mass and overflow are accepted/displayable.,TRUE,PASS,UNVERIFIED,PARTIAL,Browser-local calculation; no input upload or persistence observed,No runtime service; embedded formulas/reference data require maintenance ownership,Negative mass and overflow are accepted/displayable.,UNKNOWN,UNKNOWN,UNKNOWN,UNKNOWN,29,UNKNOWN,11,14,9,UNKNOWN,KEEP,P3,Negative mass and overflow are accepted/displayable.,reports/audits/tool-integrity/calculators.md; tests/e2e/tool-audit/functional-smoke.spec.ts; tests/e2e/tool-audit/unit-converter-smoke.spec.ts; Negative mass and overflow are accepted/displayable.,Retain current URL/indexation; validate demand with GSC before promotion or content expansion,"Retain the tool, address the documented limitations, and add missing mobile/accessibility/output evidence before promotion: Negative mass and overflow are accepted/displayable.",Negative mass and overflow are accepted/displayable.,NOT_IN_P0_P1_SCOPE,—,—,Historical audit evidence retained; this row was not reclassified in the P0/P1 remediation wave.,KEEP,Negative mass and overflow are accepted/displayable.
Temperature Converter,/calc/convert/temperature,calc,live,YES,YES,NO,YES,YES,WORKING_WITH_UNVERIFIED_OR_DEFECTIVE_EDGES,PARTIAL,32°F → 0°C,Independent formula/domain result for the tested inputs; comparison evidence uses expected → observed: Values below absolute zero are accepted; Kelvin can be negative.,Observed browser/source result and audit comparison: Values below absolute zero are accepted; Kelvin can be negative.,TRUE,PASS,UNVERIFIED,PARTIAL,Browser-local calculation; no input upload or persistence observed,No runtime service; embedded formulas/reference data require maintenance ownership,Values below absolute zero are accepted; Kelvin can be negative.,UNKNOWN,UNKNOWN,UNKNOWN,UNKNOWN,25,UNKNOWN,12,14,8,UNKNOWN,FIX,P2,Values below absolute zero are accepted; Kelvin can be negative.,reports/audits/tool-integrity/calculators.md; tests/e2e/tool-audit/functional-smoke.spec.ts; tests/e2e/tool-audit/unit-converter-smoke.spec.ts; Values below absolute zero are accepted; Kelvin can be negative.,Do not promote; retain current URL pending repair and demand/backlink evidence; reassess indexation only through a separate approved SEO change,"Repair or narrow the user-visible promise before promotion, then add an independent regression for this documented limitation: Values below absolute zero are accepted; Kelvin can be negative.",Values below absolute zero are accepted; Kelvin can be negative.,NOT_IN_P0_P1_SCOPE,—,—,Historical audit evidence retained; this row was not reclassified in the P0/P1 remediation wave.,FIX,Values below absolute zero are accepted; Kelvin can be negative.
Volume Converter,/calc/convert/volume,calc,live,YES,YES,NO,YES,YES,WORKING_IN_TESTED_SCOPE,PASS,1 L → 0.264172 US gal,Independent formula/domain result for the tested inputs; comparison evidence uses expected → observed: Negative physical volume and overflow accepted.,Observed browser/source result and audit comparison: Negative physical volume and overflow accepted.,TRUE,PASS,UNVERIFIED,PARTIAL,Browser-local calculation; no input upload or persistence observed,No runtime service; embedded formulas/reference data require maintenance ownership,Negative physical volume and overflow accepted.,UNKNOWN,UNKNOWN,UNKNOWN,UNKNOWN,29,UNKNOWN,11,14,9,UNKNOWN,KEEP,P3,Negative physical volume and overflow accepted.,reports/audits/tool-integrity/calculators.md; tests/e2e/tool-audit/functional-smoke.spec.ts; tests/e2e/tool-audit/unit-converter-smoke.spec.ts; Negative physical volume and overflow accepted.,Retain current URL/indexation; validate demand with GSC before promotion or content expansion,"Retain the tool, address the documented limitations, and add missing mobile/accessibility/output evidence before promotion: Negative physical volume and overflow accepted.",Negative physical volume and overflow accepted.,NOT_IN_P0_P1_SCOPE,—,—,Historical audit evidence retained; this row was not reclassified in the P0/P1 remediation wave.,KEEP,Negative physical volume and overflow accepted.
Area Converter,/calc/convert/area,calc,live,YES,YES,NO,YES,YES,WORKING_IN_TESTED_SCOPE,PASS,1 m² → 10.7639 ft²,Independent formula/domain result for the tested inputs; comparison evidence uses expected → observed: Negative physical area and overflow accepted.,Observed browser/source result and audit comparison: Negative physical area and overflow accepted.,TRUE,PASS,UNVERIFIED,PARTIAL,Browser-local calculation; no input upload or persistence observed,No runtime service; embedded formulas/reference data require maintenance ownership,Negative physical area and overflow accepted.,UNKNOWN,UNKNOWN,UNKNOWN,UNKNOWN,29,UNKNOWN,11,14,9,UNKNOWN,KEEP,P3,Negative physical area and overflow accepted.,reports/audits/tool-integrity/calculators.md; tests/e2e/tool-audit/functional-smoke.spec.ts; tests/e2e/tool-audit/unit-converter-smoke.spec.ts; Negative physical area and overflow accepted.,Retain current URL/indexation; validate demand with GSC before promotion or content expansion,"Retain the tool, address the documented limitations, and add missing mobile/accessibility/output evidence before promotion: Negative physical area and overflow accepted.",Negative physical area and overflow accepted.,NOT_IN_P0_P1_SCOPE,—,—,Historical audit evidence retained; this row was not reclassified in the P0/P1 remediation wave.,KEEP,Negative physical area and overflow accepted.
Speed Converter,/calc/convert/speed,calc,live,YES,YES,NO,YES,YES,WORKING_IN_TESTED_SCOPE,PASS,60 mph → 96.5606 km/h,Independent formula/domain result for the tested inputs; comparison evidence uses expected → observed: Negative physical speed accepted.,Observed browser/source result and audit comparison: Negative physical speed accepted.,TRUE,PASS,UNVERIFIED,PARTIAL,Browser-local calculation; no input upload or persistence observed,No runtime service; embedded formulas/reference data require maintenance ownership,Negative physical speed accepted.,UNKNOWN,UNKNOWN,UNKNOWN,UNKNOWN,29,UNKNOWN,11,14,9,UNKNOWN,KEEP,P3,Negative physical speed accepted.,reports/audits/tool-integrity/calculators.md; tests/e2e/tool-audit/functional-smoke.spec.ts; tests/e2e/tool-audit/unit-converter-smoke.spec.ts; Negative physical speed accepted.,Retain current URL/indexation; validate demand with GSC before promotion or content expansion,"Retain the tool, address the documented limitations, and add missing mobile/accessibility/output evidence before promotion: Negative physical speed accepted.",Negative physical speed accepted.,NOT_IN_P0_P1_SCOPE,—,—,Historical audit evidence retained; this row was not reclassified in the P0/P1 remediation wave.,KEEP,Negative physical speed accepted.
Time Converter,/calc/convert/time,calc,live,YES,YES,NO,NO,YES,WORKING_IN_TESTED_SCOPE,PASS,1 hour → 60 minutes,Independent formula/domain result for the tested inputs; comparison evidence uses expected → observed: Month is labeled average (30.4375 d); year uses 365.25 d.,Observed browser/source result and audit comparison: Month is labeled average (30.4375 d); year uses 365.25 d.,TRUE,PASS,UNVERIFIED,PARTIAL,Browser-local calculation; no input upload or persistence observed,No runtime service; embedded formulas/reference data require maintenance ownership,Month is labeled average (30.4375 d); year uses 365.25 d.,UNKNOWN,UNKNOWN,UNKNOWN,UNKNOWN,30,UNKNOWN,11,14,9,UNKNOWN,KEEP,,No confirmed defect in the tested scope; see known limitations and unverified gaps,reports/audits/tool-integrity/calculators.md; tests/e2e/tool-audit/functional-smoke.spec.ts; tests/e2e/tool-audit/unit-converter-smoke.spec.ts; Month is labeled average (30.4375 d); year uses 365.25 d.,Retain current URL/indexation; validate demand with GSC before promotion or content expansion,"Retain the tool, address the documented limitations, and add missing mobile/accessibility/output evidence before promotion: Month is labeled average (30.4375 d); year uses 365.25 d.",No confirmed defect in the tested scope; see known limitations and unverified gaps,NOT_IN_P0_P1_SCOPE,—,—,Historical audit evidence retained; this row was not reclassified in the P0/P1 remediation wave.,KEEP,Month is labeled average (30.4375 d); year uses 365.25 d.
Data Size Converter,/calc/convert/data,calc,live,YES,YES,NO,YES,YES,WORKING_WITH_UNVERIFIED_OR_DEFECTIVE_EDGES,PARTIAL,1024 MB → 1 GB,Independent formula/domain result for the tested inputs; comparison evidence uses expected → observed: Uses binary 1024 factors while labeling units MB/GB rather than MiB/GiB; this conflicts with SI meanings even though site copy discloses the choice.,Observed browser/source result and audit comparison: Uses binary 1024 factors while labeling units MB/GB rather than MiB/GiB; this conflicts with SI meanings even though site copy discloses the choice.,TRUE,PASS,UNVERIFIED,PARTIAL,Browser-local calculation; no input upload or persistence observed,No runtime service; embedded formulas/reference data require maintenance ownership,Uses binary 1024 factors while labeling units MB/GB rather than MiB/GiB; this conflicts with SI meanings even though site copy discloses the choice.,UNKNOWN,UNKNOWN,UNKNOWN,UNKNOWN,25,UNKNOWN,12,15,7,UNKNOWN,FIX,P2,Uses binary 1024 factors while labeling units MB/GB rather than MiB/GiB; this conflicts with SI meanings even though site copy discloses the choice.,reports/audits/tool-integrity/calculators.md; tests/e2e/tool-audit/functional-smoke.spec.ts; tests/e2e/tool-audit/unit-converter-smoke.spec.ts; Uses binary 1024 factors while labeling units MB/GB rather than MiB/GiB; this conflicts with SI meanings even though site copy discloses the choice.,Do not promote; retain current URL pending repair and demand/backlink evidence; reassess indexation only through a separate approved SEO change,"Repair or narrow the user-visible promise before promotion, then add an independent regression for this documented limitation: Uses binary 1024 factors while labeling units MB/GB rather than MiB/GiB; this conflicts with SI meanings even though site copy discloses the choice.",Uses binary 1024 factors while labeling units MB/GB rather than MiB/GiB; this conflicts with SI meanings even though site copy discloses the choice.,NOT_IN_P0_P1_SCOPE,—,—,Historical audit evidence retained; this row was not reclassified in the P0/P1 remediation wave.,FIX,Uses binary 1024 factors while labeling units MB/GB rather than MiB/GiB; this conflicts with SI meanings even though site copy discloses the choice.
Pressure Converter,/calc/convert/pressure,calc,live,YES,YES,NO,NO,YES,WORKING_IN_TESTED_SCOPE,PASS,1 psi → 0.0689476 bar,Independent formula/domain result for the tested inputs; comparison evidence uses expected → observed: Negative gauge/absolute context is not distinguished.,Observed browser/source result and audit comparison: Negative gauge/absolute context is not distinguished.,TRUE,PASS,UNVERIFIED,PARTIAL,Browser-local calculation; no input upload or persistence observed,No runtime service; embedded formulas/reference data require maintenance ownership,Negative gauge/absolute context is not distinguished.,UNKNOWN,UNKNOWN,UNKNOWN,UNKNOWN,29,UNKNOWN,12,14,9,UNKNOWN,KEEP,P3,Negative gauge/absolute context is not distinguished.,reports/audits/tool-integrity/calculators.md; tests/e2e/tool-audit/functional-smoke.spec.ts; tests/e2e/tool-audit/unit-converter-smoke.spec.ts; Negative gauge/absolute context is not distinguished.,Retain current URL/indexation; validate demand with GSC before promotion or content expansion,"Retain the tool, address the documented limitations, and add missing mobile/accessibility/output evidence before promotion: Negative gauge/absolute context is not distinguished.",Negative gauge/absolute context is not distinguished.,NOT_IN_P0_P1_SCOPE,—,—,Historical audit evidence retained; this row was not reclassified in the P0/P1 remediation wave.,KEEP,Negative gauge/absolute context is not distinguished.
Energy Converter,/calc/convert/energy,calc,live,YES,YES,NO,NO,YES,WORKING_IN_TESTED_SCOPE,PASS,1 kcal → 4.184 kJ,Independent formula/domain result for the tested inputs; comparison evidence uses expected → observed: kcal is correctly treated as food kilocalorie; no nutritional advice.,Observed browser/source result and audit comparison: kcal is correctly treated as food kilocalorie; no nutritional advice.,TRUE,PASS,UNVERIFIED,PARTIAL,Browser-local calculation; no input upload or persistence observed,No runtime service; embedded formulas/reference data require maintenance ownership,kcal is correctly treated as food kilocalorie; no nutritional advice.,UNKNOWN,UNKNOWN,UNKNOWN,UNKNOWN,30,UNKNOWN,12,14,9,UNKNOWN,KEEP,,No confirmed defect in the tested scope; see known limitations and unverified gaps,reports/audits/tool-integrity/calculators.md; tests/e2e/tool-audit/functional-smoke.spec.ts; tests/e2e/tool-audit/unit-converter-smoke.spec.ts; kcal is correctly treated as food kilocalorie; no nutritional advice.,Retain current URL/indexation; validate demand with GSC before promotion or content expansion,"Retain the tool, address the documented limitations, and add missing mobile/accessibility/output evidence before promotion: kcal is correctly treated as food kilocalorie; no nutritional advice.",No confirmed defect in the tested scope; see known limitations and unverified gaps,NOT_IN_P0_P1_SCOPE,—,—,Historical audit evidence retained; this row was not reclassified in the P0/P1 remediation wave.,KEEP,kcal is correctly treated as food kilocalorie; no nutritional advice.
Frequency Converter,/calc/convert/frequency,calc,live,YES,YES,NO,NO,YES,WORKING_IN_TESTED_SCOPE,PASS,1000 MHz → 1 GHz,Independent formula/domain result for the tested inputs; comparison evidence uses expected → observed: Negative frequency accepted.,Observed browser/source result and audit comparison: Negative frequency accepted.,TRUE,PASS,UNVERIFIED,PARTIAL,Browser-local calculation; no input upload or persistence observed,No runtime service; embedded formulas/reference data require maintenance ownership,Negative frequency accepted.,UNKNOWN,UNKNOWN,UNKNOWN,UNKNOWN,29,UNKNOWN,11,14,9,UNKNOWN,KEEP,P3,Negative frequency accepted.,reports/audits/tool-integrity/calculators.md; tests/e2e/tool-audit/functional-smoke.spec.ts; tests/e2e/tool-audit/unit-converter-smoke.spec.ts; Negative frequency accepted.,Retain current URL/indexation; validate demand with GSC before promotion or content expansion,"Retain the tool, address the documented limitations, and add missing mobile/accessibility/output evidence before promotion: Negative frequency accepted.",Negative frequency accepted.,NOT_IN_P0_P1_SCOPE,—,—,Historical audit evidence retained; this row was not reclassified in the P0/P1 remediation wave.,KEEP,Negative frequency accepted.
Fuel Economy Converter,/calc/convert/fuel-economy,calc,live,YES,YES,NO,NO,YES,WORKING_WITH_UNVERIFIED_OR_DEFECTIVE_EDGES,PARTIAL,30 mpg (US) → 7.8405 L/100 km,Independent formula/domain result for the tested inputs; comparison evidence uses expected → observed: Inverse conversions map zero to zero rather than undefined/infinite; UK/US gallon choice otherwise explicit.,Observed browser/source result and audit comparison: Inverse conversions map zero to zero rather than undefined/infinite; UK/US gallon choice otherwise explicit.,TRUE,PASS,UNVERIFIED,PARTIAL,Browser-local calculation; no input upload or persistence observed,No runtime service; embedded formulas/reference data require maintenance ownership,Inverse conversions map zero to zero rather than undefined/infinite; UK/US gallon choice otherwise explicit.,UNKNOWN,UNKNOWN,UNKNOWN,UNKNOWN,24,UNKNOWN,14,14,7,UNKNOWN,FIX,P2,Inverse conversions map zero to zero rather than undefined/infinite; UK/US gallon choice otherwise explicit.,reports/audits/tool-integrity/calculators.md; tests/e2e/tool-audit/functional-smoke.spec.ts; tests/e2e/tool-audit/unit-converter-smoke.spec.ts; Inverse conversions map zero to zero rather than undefined/infinite; UK/US gallon choice otherwise explicit.,Do not promote; retain current URL pending repair and demand/backlink evidence; reassess indexation only through a separate approved SEO change,"Repair or narrow the user-visible promise before promotion, then add an independent regression for this documented limitation: Inverse conversions map zero to zero rather than undefined/infinite; UK/US gallon choice otherwise explicit.",Inverse conversions map zero to zero rather than undefined/infinite; UK/US gallon choice otherwise explicit.,NOT_IN_P0_P1_SCOPE,—,—,Historical audit evidence retained; this row was not reclassified in the P0/P1 remediation wave.,FIX,Inverse conversions map zero to zero rather than undefined/infinite; UK/US gallon choice otherwise explicit.
Angle Converter,/calc/convert/angle,calc,live,YES,YES,NO,NO,YES,WORKING_IN_TESTED_SCOPE,PASS,180° → 3.14159 rad,Independent formula/domain result for the tested inputs; comparison evidence uses expected → observed: Negative angles are mathematically valid; huge-value precision is limited by IEEE-754.,Observed browser/source result and audit comparison: Negative angles are mathematically valid; huge-value precision is limited by IEEE-754.,TRUE,PASS,UNVERIFIED,PARTIAL,Browser-local calculation; no input upload or persistence observed,No runtime service; embedded formulas/reference data require maintenance ownership,Negative angles are mathematically valid; huge-value precision is limited by IEEE-754.,UNKNOWN,UNKNOWN,UNKNOWN,UNKNOWN,30,UNKNOWN,11,14,9,UNKNOWN,KEEP,,No confirmed defect in the tested scope; see known limitations and unverified gaps,reports/audits/tool-integrity/calculators.md; tests/e2e/tool-audit/functional-smoke.spec.ts; tests/e2e/tool-audit/unit-converter-smoke.spec.ts; Negative angles are mathematically valid; huge-value precision is limited by IEEE-754.,Retain current URL/indexation; validate demand with GSC before promotion or content expansion,"Retain the tool, address the documented limitations, and add missing mobile/accessibility/output evidence before promotion: Negative angles are mathematically valid; huge-value precision is limited by IEEE-754.",No confirmed defect in the tested scope; see known limitations and unverified gaps,NOT_IN_P0_P1_SCOPE,—,—,Historical audit evidence retained; this row was not reclassified in the P0/P1 remediation wave.,KEEP,Negative angles are mathematically valid; huge-value precision is limited by IEEE-754.
Power Converter,/calc/convert/power,calc,live,YES,YES,NO,NO,YES,WORKING_IN_TESTED_SCOPE,PASS,1 hp → 0.7457 kW,Independent formula/domain result for the tested inputs; comparison evidence uses expected → observed: Horsepower convention should remain labeled; implementation uses mechanical hp.,Observed browser/source result and audit comparison: Horsepower convention should remain labeled; implementation uses mechanical hp.,TRUE,PASS,UNVERIFIED,PARTIAL,Browser-local calculation; no input upload or persistence observed,No runtime service; embedded formulas/reference data require maintenance ownership,Horsepower convention should remain labeled; implementation uses mechanical hp.,UNKNOWN,UNKNOWN,UNKNOWN,UNKNOWN,29,UNKNOWN,12,14,9,UNKNOWN,KEEP,P3,Horsepower convention should remain labeled; implementation uses mechanical hp.,reports/audits/tool-integrity/calculators.md; tests/e2e/tool-audit/functional-smoke.spec.ts; tests/e2e/tool-audit/unit-converter-smoke.spec.ts; Horsepower convention should remain labeled; implementation uses mechanical hp.,Retain current URL/indexation; validate demand with GSC before promotion or content expansion,"Retain the tool, address the documented limitations, and add missing mobile/accessibility/output evidence before promotion: Horsepower convention should remain labeled; implementation uses mechanical hp.",Horsepower convention should remain labeled; implementation uses mechanical hp.,NOT_IN_P0_P1_SCOPE,—,—,Historical audit evidence retained; this row was not reclassified in the P0/P1 remediation wave.,KEEP,Horsepower convention should remain labeled; implementation uses mechanical hp.
Force Converter,/calc/convert/force,calc,live,YES,YES,NO,NO,YES,WORKING_IN_TESTED_SCOPE,PASS,1 N → 0.224809 lbf,Independent formula/domain result for the tested inputs; comparison evidence uses expected → observed: Negative force is valid as direction but direction/sign context is unstated.,Observed browser/source result and audit comparison: Negative force is valid as direction but direction/sign context is unstated.,TRUE,PASS,UNVERIFIED,PARTIAL,Browser-local calculation; no input upload or persistence observed,No runtime service; embedded formulas/reference data require maintenance ownership,Negative force is valid as direction but direction/sign context is unstated.,UNKNOWN,UNKNOWN,UNKNOWN,UNKNOWN,30,UNKNOWN,11,14,9,UNKNOWN,KEEP,,No confirmed defect in the tested scope; see known limitations and unverified gaps,reports/audits/tool-integrity/calculators.md; tests/e2e/tool-audit/functional-smoke.spec.ts; tests/e2e/tool-audit/unit-converter-smoke.spec.ts; Negative force is valid as direction but direction/sign context is unstated.,Retain current URL/indexation; validate demand with GSC before promotion or content expansion,"Retain the tool, address the documented limitations, and add missing mobile/accessibility/output evidence before promotion: Negative force is valid as direction but direction/sign context is unstated.",No confirmed defect in the tested scope; see known limitations and unverified gaps,NOT_IN_P0_P1_SCOPE,—,—,Historical audit evidence retained; this row was not reclassified in the P0/P1 remediation wave.,KEEP,Negative force is valid as direction but direction/sign context is unstated.
Cooking Converter,/calc/convert/cooking,calc,live,YES,YES,NO,YES,YES,WORKING_IN_TESTED_SCOPE,PASS,1 US cup → 236.588 mL,Independent formula/domain result for the tested inputs; comparison evidence uses expected → observed: Cup/tablespoon conventions are U.S. customary; density-based weight conversion is correctly excluded.,Observed browser/source result and audit comparison: Cup/tablespoon conventions are U.S. customary; density-based weight conversion is correctly excluded.,TRUE,PASS,UNVERIFIED,PARTIAL,Browser-local calculation; no input upload or persistence observed,No runtime service; embedded formulas/reference data require maintenance ownership,Cup/tablespoon conventions are U.S. customary; density-based weight conversion is correctly excluded.,UNKNOWN,UNKNOWN,UNKNOWN,UNKNOWN,29,UNKNOWN,13,14,9,UNKNOWN,KEEP,P3,Cup/tablespoon conventions are U.S. customary; density-based weight conversion is correctly excluded.,reports/audits/tool-integrity/calculators.md; tests/e2e/tool-audit/functional-smoke.spec.ts; tests/e2e/tool-audit/unit-converter-smoke.spec.ts; Cup/tablespoon conventions are U.S. customary; density-based weight conversion is correctly excluded.,Retain current URL/indexation; validate demand with GSC before promotion or content expansion,"Retain the tool, address the documented limitations, and add missing mobile/accessibility/output evidence before promotion: Cup/tablespoon conventions are U.S. customary; density-based weight conversion is correctly excluded.",Cup/tablespoon conventions are U.S. customary; density-based weight conversion is correctly excluded.,NOT_IN_P0_P1_SCOPE,—,—,Historical audit evidence retained; this row was not reclassified in the P0/P1 remediation wave.,KEEP,Cup/tablespoon conventions are U.S. customary; density-based weight conversion is correctly excluded.
CM to Inches Converter,/calc/convert/cm-to-inches,calc,live,YES,YES,NO,NO,YES,WORKING_IN_TESTED_SCOPE,PASS,10 cm → 3.93701 in,Independent formula/domain result for the tested inputs; comparison evidence uses expected → observed: Exact factor derives from 1 in = 2.54 cm; negative length accepted.,Observed browser/source result and audit comparison: Exact factor derives from 1 in = 2.54 cm; negative length accepted.,TRUE,PASS,UNVERIFIED,PARTIAL,Browser-local calculation; no input upload or persistence observed,No runtime service; embedded formulas/reference data require maintenance ownership,Exact factor derives from 1 in = 2.54 cm; negative length accepted.,UNKNOWN,UNKNOWN,UNKNOWN,UNKNOWN,29,UNKNOWN,2,7,8,UNKNOWN,CONSOLIDATE,P3,Exact factor derives from 1 in = 2.54 cm; negative length accepted.,reports/audits/tool-integrity/calculators.md; tests/e2e/tool-audit/functional-smoke.spec.ts; tests/e2e/tool-audit/unit-converter-smoke.spec.ts; Exact factor derives from 1 in = 2.54 cm; negative length accepted.,"Do not change the source URL yet. After GSC/backlink evidence and input/result parity, ship one direct 301 to /calc/convert/length, remove the source from sitemap, registry, search, and internal links, and do not serve an intentional 404 or 410.","Consolidate this route into /calc/convert/length after single-pair length intent is proven; retain the source until the approved 301, user migration, discovery cleanup, and rollback window are complete.",Exact factor derives from 1 in = 2.54 cm; negative length accepted.,NOT_IN_P0_P1_SCOPE,—,—,Historical audit evidence retained; this row was not reclassified in the P0/P1 remediation wave.,KEEP,Exact factor derives from 1 in = 2.54 cm; negative length accepted.
KG to Pounds Converter,/calc/convert/kg-to-lbs,calc,live,YES,YES,NO,NO,YES,WORKING_IN_TESTED_SCOPE,PASS,10 kg → 22.0462 lb,Independent formula/domain result for the tested inputs; comparison evidence uses expected → observed: Normal factor passes; negative mass accepted.,Observed browser/source result and audit comparison: Normal factor passes; negative mass accepted.,TRUE,PASS,UNVERIFIED,PARTIAL,Browser-local calculation; no input upload or persistence observed,No runtime service; embedded formulas/reference data require maintenance ownership,Normal factor passes; negative mass accepted.,UNKNOWN,UNKNOWN,UNKNOWN,UNKNOWN,29,UNKNOWN,2,7,8,UNKNOWN,CONSOLIDATE,P3,Normal factor passes; negative mass accepted.,reports/audits/tool-integrity/calculators.md; tests/e2e/tool-audit/functional-smoke.spec.ts; tests/e2e/tool-audit/unit-converter-smoke.spec.ts; Normal factor passes; negative mass accepted.,"Do not change the source URL yet. After GSC/backlink evidence and input/result parity, ship one direct 301 to /calc/convert/weight, remove the source from sitemap, registry, search, and internal links, and do not serve an intentional 404 or 410.","Consolidate this route into /calc/convert/weight after single-pair weight intent is proven; retain the source until the approved 301, user migration, discovery cleanup, and rollback window are complete.",Normal factor passes; negative mass accepted.,NOT_IN_P0_P1_SCOPE,—,—,Historical audit evidence retained; this row was not reclassified in the P0/P1 remediation wave.,KEEP,Normal factor passes; negative mass accepted.
Miles to Kilometers Converter,/calc/convert/miles-to-km,calc,live,YES,YES,NO,NO,YES,WORKING_IN_TESTED_SCOPE,PASS,10 mi → 16.09344 km,Independent formula/domain result for the tested inputs; comparison evidence uses expected → observed: Defined factor passes; negative length accepted.,Observed browser/source result and audit comparison: Defined factor passes; negative length accepted.,TRUE,PASS,UNVERIFIED,PARTIAL,Browser-local calculation; no input upload or persistence observed,No runtime service; embedded formulas/reference data require maintenance ownership,Defined factor passes; negative length accepted.,UNKNOWN,UNKNOWN,UNKNOWN,UNKNOWN,29,UNKNOWN,2,7,8,UNKNOWN,CONSOLIDATE,P3,Defined factor passes; negative length accepted.,reports/audits/tool-integrity/calculators.md; tests/e2e/tool-audit/functional-smoke.spec.ts; tests/e2e/tool-audit/unit-converter-smoke.spec.ts; Defined factor passes; negative length accepted.,"Do not change the source URL yet. After GSC/backlink evidence and input/result parity, ship one direct 301 to /calc/convert/length, remove the source from sitemap, registry, search, and internal links, and do not serve an intentional 404 or 410.","Consolidate this route into /calc/convert/length after single-pair length intent is proven; retain the source until the approved 301, user migration, discovery cleanup, and rollback window are complete.",Defined factor passes; negative length accepted.,NOT_IN_P0_P1_SCOPE,—,—,Historical audit evidence retained; this row was not reclassified in the P0/P1 remediation wave.,KEEP,Defined factor passes; negative length accepted.
Fahrenheit to Celsius Converter,/calc/convert/fahrenheit-to-celsius,calc,live,YES,YES,NO,NO,YES,WORKING_WITH_UNVERIFIED_OR_DEFECTIVE_EDGES,PARTIAL,32°F → 0°C,Independent formula/domain result for the tested inputs; comparison evidence uses expected → observed: Below-absolute-zero inputs are accepted.,Observed browser/source result and audit comparison: Below-absolute-zero inputs are accepted.,TRUE,PASS,UNVERIFIED,PARTIAL,Browser-local calculation; no input upload or persistence observed,No runtime service; embedded formulas/reference data require maintenance ownership,Below-absolute-zero inputs are accepted.,UNKNOWN,UNKNOWN,UNKNOWN,UNKNOWN,25,UNKNOWN,2,6,7,UNKNOWN,CONSOLIDATE,P2,Below-absolute-zero inputs are accepted.,reports/audits/tool-integrity/calculators.md; tests/e2e/tool-audit/functional-smoke.spec.ts; tests/e2e/tool-audit/unit-converter-smoke.spec.ts; Below-absolute-zero inputs are accepted.,"Do not change the source URL yet. After GSC/backlink evidence and input/result parity, ship one direct 301 to /calc/convert/temperature, remove the source from sitemap, registry, search, and internal links, and do not serve an intentional 404 or 410.","Consolidate this route into /calc/convert/temperature after single-pair temperature intent after destination repair is proven; retain the source until the approved 301, user migration, discovery cleanup, and rollback window are complete.",Below-absolute-zero inputs are accepted.,NOT_IN_P0_P1_SCOPE,—,—,Historical audit evidence retained; this row was not reclassified in the P0/P1 remediation wave.,FIX,Below-absolute-zero inputs are accepted.
Feet to Meters Converter,/calc/convert/feet-to-meters,calc,live,YES,YES,NO,NO,YES,WORKING_IN_TESTED_SCOPE,PASS,10 ft → 3.048 m,Independent formula/domain result for the tested inputs; comparison evidence uses expected → observed: Defined factor passes; negative length accepted.,Observed browser/source result and audit comparison: Defined factor passes; negative length accepted.,TRUE,PASS,UNVERIFIED,PARTIAL,Browser-local calculation; no input upload or persistence observed,No runtime service; embedded formulas/reference data require maintenance ownership,Defined factor passes; negative length accepted.,UNKNOWN,UNKNOWN,UNKNOWN,UNKNOWN,29,UNKNOWN,2,7,8,UNKNOWN,CONSOLIDATE,P3,Defined factor passes; negative length accepted.,reports/audits/tool-integrity/calculators.md; tests/e2e/tool-audit/functional-smoke.spec.ts; tests/e2e/tool-audit/unit-converter-smoke.spec.ts; Defined factor passes; negative length accepted.,"Do not change the source URL yet. After GSC/backlink evidence and input/result parity, ship one direct 301 to /calc/convert/length, remove the source from sitemap, registry, search, and internal links, and do not serve an intentional 404 or 410.","Consolidate this route into /calc/convert/length after single-pair length intent is proven; retain the source until the approved 301, user migration, discovery cleanup, and rollback window are complete.",Defined factor passes; negative length accepted.,NOT_IN_P0_P1_SCOPE,—,—,Historical audit evidence retained; this row was not reclassified in the P0/P1 remediation wave.,KEEP,Defined factor passes; negative length accepted.
Ounces to Grams Converter,/calc/convert/oz-to-grams,calc,live,YES,YES,NO,NO,YES,WORKING_IN_TESTED_SCOPE,PASS,10 oz → 283.495 g,Independent formula/domain result for the tested inputs; comparison evidence uses expected → observed: Avoirdupois ounce is explicit in context; negative mass accepted.,Observed browser/source result and audit comparison: Avoirdupois ounce is explicit in context; negative mass accepted.,TRUE,PASS,UNVERIFIED,PARTIAL,Browser-local calculation; no input upload or persistence observed,No runtime service; embedded formulas/reference data require maintenance ownership,Avoirdupois ounce is explicit in context; negative mass accepted.,UNKNOWN,UNKNOWN,UNKNOWN,UNKNOWN,29,UNKNOWN,2,7,8,UNKNOWN,CONSOLIDATE,P3,Avoirdupois ounce is explicit in context; negative mass accepted.,reports/audits/tool-integrity/calculators.md; tests/e2e/tool-audit/functional-smoke.spec.ts; tests/e2e/tool-audit/unit-converter-smoke.spec.ts; Avoirdupois ounce is explicit in context; negative mass accepted.,"Do not change the source URL yet. After GSC/backlink evidence and input/result parity, ship one direct 301 to /calc/convert/weight, remove the source from sitemap, registry, search, and internal links, and do not serve an intentional 404 or 410.","Consolidate this route into /calc/convert/weight after single-pair weight intent is proven; retain the source until the approved 301, user migration, discovery cleanup, and rollback window are complete.",Avoirdupois ounce is explicit in context; negative mass accepted.,NOT_IN_P0_P1_SCOPE,—,—,Historical audit evidence retained; this row was not reclassified in the P0/P1 remediation wave.,KEEP,Avoirdupois ounce is explicit in context; negative mass accepted.
Liters to Gallons Converter,/calc/convert/liters-to-gallons,calc,live,YES,YES,NO,NO,YES,WORKING_IN_TESTED_SCOPE,PASS,10 L → 2.64172 US gal,Independent formula/domain result for the tested inputs; comparison evidence uses expected → observed: U.S. gallon is stated; negative volume accepted.,Observed browser/source result and audit comparison: U.S. gallon is stated; negative volume accepted.,TRUE,PASS,UNVERIFIED,PARTIAL,Browser-local calculation; no input upload or persistence observed,No runtime service; embedded formulas/reference data require maintenance ownership,U.S. gallon is stated; negative volume accepted.,UNKNOWN,UNKNOWN,UNKNOWN,UNKNOWN,29,UNKNOWN,2,7,8,UNKNOWN,CONSOLIDATE,P3,U.S. gallon is stated; negative volume accepted.,reports/audits/tool-integrity/calculators.md; tests/e2e/tool-audit/functional-smoke.spec.ts; tests/e2e/tool-audit/unit-converter-smoke.spec.ts; U.S. gallon is stated; negative volume accepted.,"Do not change the source URL yet. After GSC/backlink evidence and input/result parity, ship one direct 301 to /calc/convert/volume, remove the source from sitemap, registry, search, and internal links, and do not serve an intentional 404 or 410.","Consolidate this route into /calc/convert/volume after single-pair volume intent is proven; retain the source until the approved 301, user migration, discovery cleanup, and rollback window are complete.",U.S. gallon is stated; negative volume accepted.,NOT_IN_P0_P1_SCOPE,—,—,Historical audit evidence retained; this row was not reclassified in the P0/P1 remediation wave.,KEEP,U.S. gallon is stated; negative volume accepted.
Inches to Feet Converter,/calc/convert/inches-to-feet,calc,live,YES,YES,NO,NO,YES,WORKING_IN_TESTED_SCOPE,PASS,12 in → 1 ft,Independent formula/domain result for the tested inputs; comparison evidence uses expected → observed: Defined ratio passes; negative length accepted.,Observed browser/source result and audit comparison: Defined ratio passes; negative length accepted.,TRUE,PASS,UNVERIFIED,PARTIAL,Browser-local calculation; no input upload or persistence observed,No runtime service; embedded formulas/reference data require maintenance ownership,Defined ratio passes; negative length accepted.,UNKNOWN,UNKNOWN,UNKNOWN,UNKNOWN,30,UNKNOWN,1,6,8,UNKNOWN,CONSOLIDATE,P3,Defined ratio passes; negative length accepted.,reports/audits/tool-integrity/calculators.md; tests/e2e/tool-audit/functional-smoke.spec.ts; tests/e2e/tool-audit/unit-converter-smoke.spec.ts; Defined ratio passes; negative length accepted.,"Do not change the source URL yet. After GSC/backlink evidence and input/result parity, ship one direct 301 to /calc/convert/length, remove the source from sitemap, registry, search, and internal links, and do not serve an intentional 404 or 410.","Consolidate this route into /calc/convert/length after single-pair length intent is proven; retain the source until the approved 301, user migration, discovery cleanup, and rollback window are complete.",Defined ratio passes; negative length accepted.,NOT_IN_P0_P1_SCOPE,—,—,Historical audit evidence retained; this row was not reclassified in the P0/P1 remediation wave.,KEEP,Defined ratio passes; negative length accepted.
Meters to Feet Converter,/calc/convert/meters-to-feet,calc,live,YES,YES,NO,NO,YES,WORKING_IN_TESTED_SCOPE,PASS,10 m → 32.8084 ft,Independent formula/domain result for the tested inputs; comparison evidence uses expected → observed: Defined factor passes; negative length accepted.,Observed browser/source result and audit comparison: Defined factor passes; negative length accepted.,TRUE,PASS,UNVERIFIED,PARTIAL,Browser-local calculation; no input upload or persistence observed,No runtime service; embedded formulas/reference data require maintenance ownership,Defined factor passes; negative length accepted.,UNKNOWN,UNKNOWN,UNKNOWN,UNKNOWN,29,UNKNOWN,2,7,8,UNKNOWN,CONSOLIDATE,P3,Defined factor passes; negative length accepted.,reports/audits/tool-integrity/calculators.md; tests/e2e/tool-audit/functional-smoke.spec.ts; tests/e2e/tool-audit/unit-converter-smoke.spec.ts; Defined factor passes; negative length accepted.,"Do not change the source URL yet. After GSC/backlink evidence and input/result parity, ship one direct 301 to /calc/convert/length, remove the source from sitemap, registry, search, and internal links, and do not serve an intentional 404 or 410.","Consolidate this route into /calc/convert/length after single-pair length intent is proven; retain the source until the approved 301, user migration, discovery cleanup, and rollback window are complete.",Defined factor passes; negative length accepted.,NOT_IN_P0_P1_SCOPE,—,—,Historical audit evidence retained; this row was not reclassified in the P0/P1 remediation wave.,KEEP,Defined factor passes; negative length accepted.
Cups to Milliliters Converter,/calc/convert/cups-to-ml,calc,live,YES,YES,NO,NO,YES,WORKING_IN_TESTED_SCOPE,PASS,1 US cup → 236.588 mL,Independent formula/domain result for the tested inputs; comparison evidence uses expected → observed: US cup is stated; metric/Australian and imperial cups are different.,Observed browser/source result and audit comparison: US cup is stated; metric/Australian and imperial cups are different.,TRUE,PASS,UNVERIFIED,PARTIAL,Browser-local calculation; no input upload or persistence observed,No runtime service; embedded formulas/reference data require maintenance ownership,US cup is stated; metric/Australian and imperial cups are different.,UNKNOWN,UNKNOWN,UNKNOWN,UNKNOWN,30,UNKNOWN,3,7,8,UNKNOWN,CONSOLIDATE,,No confirmed defect in the tested scope; see known limitations and unverified gaps,reports/audits/tool-integrity/calculators.md; tests/e2e/tool-audit/functional-smoke.spec.ts; tests/e2e/tool-audit/unit-converter-smoke.spec.ts; US cup is stated; metric/Australian and imperial cups are different.,"Do not change the source URL yet. After GSC/backlink evidence and input/result parity, ship one direct 301 to /calc/convert/cooking, remove the source from sitemap, registry, search, and internal links, and do not serve an intentional 404 or 410.","Consolidate this route into /calc/convert/cooking after single-pair cooking-measure intent is proven; retain the source until the approved 301, user migration, discovery cleanup, and rollback window are complete.",No confirmed defect in the tested scope; see known limitations and unverified gaps,NOT_IN_P0_P1_SCOPE,—,—,Historical audit evidence retained; this row was not reclassified in the P0/P1 remediation wave.,KEEP,US cup is stated; metric/Australian and imperial cups are different.
Pounds to KG Converter,/calc/convert/lbs-to-kg,calc,live,YES,YES,NO,NO,YES,WORKING_WITH_UNVERIFIED_OR_DEFECTIVE_EDGES,PARTIAL,10 lb → 4.53592 kg,"Independent formula/domain result for the tested inputs; comparison evidence uses expected → observed: Normal factor passes; copy mentions medical dosing, where this generic converter should not substitute for clinical verification.","Observed browser/source result and audit comparison: Normal factor passes; copy mentions medical dosing, where this generic converter should not substitute for clinical verification.",TRUE,PASS,UNVERIFIED,PARTIAL,Browser-local calculation; no input upload or persistence observed,No runtime service; embedded formulas/reference data require maintenance ownership,"Normal factor passes; copy mentions medical dosing, where this generic converter should not substitute for clinical verification.",UNKNOWN,UNKNOWN,UNKNOWN,UNKNOWN,28,UNKNOWN,2,6,8,UNKNOWN,CONSOLIDATE,P2,"Normal factor passes; copy mentions medical dosing, where this generic converter should not substitute for clinical verification.","reports/audits/tool-integrity/calculators.md; tests/e2e/tool-audit/functional-smoke.spec.ts; tests/e2e/tool-audit/unit-converter-smoke.spec.ts; Normal factor passes; copy mentions medical dosing, where this generic converter should not substitute for clinical verification.","Do not change the source URL yet. After GSC/backlink evidence and input/result parity, ship one direct 301 to /calc/convert/weight, remove the source from sitemap, registry, search, and internal links, and do not serve an intentional 404 or 410.","Consolidate this route into /calc/convert/weight after single-pair weight intent after copy parity is proven; retain the source until the approved 301, user migration, discovery cleanup, and rollback window are complete.","Normal factor passes; copy mentions medical dosing, where this generic converter should not substitute for clinical verification.",NOT_IN_P0_P1_SCOPE,—,—,Historical audit evidence retained; this row was not reclassified in the P0/P1 remediation wave.,KEEP,"Normal factor passes; copy mentions medical dosing, where this generic converter should not substitute for clinical verification."
Millimeters to Inches Converter,/calc/convert/mm-to-inches,calc,live,YES,YES,NO,NO,YES,WORKING_IN_TESTED_SCOPE,PASS,25.4 mm → 1 in,Independent formula/domain result for the tested inputs; comparison evidence uses expected → observed: Exact definition passes; negative length accepted.,Observed browser/source result and audit comparison: Exact definition passes; negative length accepted.,TRUE,PASS,UNVERIFIED,PARTIAL,Browser-local calculation; no input upload or persistence observed,No runtime service; embedded formulas/reference data require maintenance ownership,Exact definition passes; negative length accepted.,UNKNOWN,UNKNOWN,UNKNOWN,UNKNOWN,30,UNKNOWN,2,7,8,UNKNOWN,CONSOLIDATE,P3,Exact definition passes; negative length accepted.,reports/audits/tool-integrity/calculators.md; tests/e2e/tool-audit/functional-smoke.spec.ts; tests/e2e/tool-audit/unit-converter-smoke.spec.ts; Exact definition passes; negative length accepted.,"Do not change the source URL yet. After GSC/backlink evidence and input/result parity, ship one direct 301 to /calc/convert/length, remove the source from sitemap, registry, search, and internal links, and do not serve an intentional 404 or 410.","Consolidate this route into /calc/convert/length after single-pair length intent is proven; retain the source until the approved 301, user migration, discovery cleanup, and rollback window are complete.",Exact definition passes; negative length accepted.,NOT_IN_P0_P1_SCOPE,—,—,Historical audit evidence retained; this row was not reclassified in the P0/P1 remediation wave.,KEEP,Exact definition passes; negative length accepted.
Acres to Square Feet Converter,/calc/convert/acres-to-sq-ft,calc,live,YES,YES,NO,NO,YES,WORKING_WITH_UNVERIFIED_OR_DEFECTIVE_EDGES,PARTIAL,"1 acre → 43,560 ft²","Independent formula/domain result for the tested inputs; comparison evidence uses expected → observed: Config precision can show a tiny approximation around the exact target; use the exact 43,560 factor.","Observed browser/source result and audit comparison: Config precision can show a tiny approximation around the exact target; use the exact 43,560 factor.",TRUE,PASS,UNVERIFIED,PARTIAL,Browser-local calculation; no input upload or persistence observed,No runtime service; embedded formulas/reference data require maintenance ownership,"Config precision can show a tiny approximation around the exact target; use the exact 43,560 factor.",UNKNOWN,UNKNOWN,UNKNOWN,UNKNOWN,28,UNKNOWN,2,6,7,UNKNOWN,CONSOLIDATE,P3,"Config precision can show a tiny approximation around the exact target; use the exact 43,560 factor.","reports/audits/tool-integrity/calculators.md; tests/e2e/tool-audit/functional-smoke.spec.ts; tests/e2e/tool-audit/unit-converter-smoke.spec.ts; Config precision can show a tiny approximation around the exact target; use the exact 43,560 factor.","Do not change the source URL yet. After GSC/backlink evidence and input/result parity, ship one direct 301 to /calc/convert/area, remove the source from sitemap, registry, search, and internal links, and do not serve an intentional 404 or 410.","Consolidate this route into /calc/convert/area after single-pair area intent after exact-factor parity is proven; retain the source until the approved 301, user migration, discovery cleanup, and rollback window are complete.","Config precision can show a tiny approximation around the exact target; use the exact 43,560 factor.",NOT_IN_P0_P1_SCOPE,—,—,Historical audit evidence retained; this row was not reclassified in the P0/P1 remediation wave.,FIX,"Config precision can show a tiny approximation around the exact target; use the exact 43,560 factor."
Mbps to Gbps Converter,/calc/convert/mbps-to-gbps,calc,live,YES,YES,NO,NO,YES,WORKING_WITH_UNVERIFIED_OR_DEFECTIVE_EDGES,PARTIAL,1000 Mbit/s → 1 Gbit/s,"Independent formula/domain result for the tested inputs; comparison evidence uses expected → observed: Ratio is correct, but input/select symbols are Mbit/Gbit and omit /s, weakening the route's rate semantics.","Observed browser/source result and audit comparison: Ratio is correct, but input/select symbols are Mbit/Gbit and omit /s, weakening the route's rate semantics.",TRUE,PASS,UNVERIFIED,PARTIAL,Browser-local calculation; no input upload or persistence observed,No runtime service; embedded formulas/reference data require maintenance ownership,"Ratio is correct, but input/select symbols are Mbit/Gbit and omit /s, weakening the route's rate semantics.",UNKNOWN,UNKNOWN,UNKNOWN,UNKNOWN,27,UNKNOWN,8,14,8,UNKNOWN,FIX,P2,"Ratio is correct, but input/select symbols are Mbit/Gbit and omit /s, weakening the route's rate semantics.","reports/audits/tool-integrity/calculators.md; tests/e2e/tool-audit/functional-smoke.spec.ts; tests/e2e/tool-audit/unit-converter-smoke.spec.ts; Ratio is correct, but input/select symbols are Mbit/Gbit and omit /s, weakening the route's rate semantics.",Do not promote; retain current URL pending repair and demand/backlink evidence; reassess indexation only through a separate approved SEO change,"Repair or narrow the user-visible promise before promotion, then add an independent regression for this documented limitation: Ratio is correct, but input/select symbols are Mbit/Gbit and omit /s, weakening the route's rate semantics.","Ratio is correct, but input/select symbols are Mbit/Gbit and omit /s, weakening the route's rate semantics.",NOT_IN_P0_P1_SCOPE,—,—,Historical audit evidence retained; this row was not reclassified in the P0/P1 remediation wave.,FIX,"Ratio is correct, but input/select symbols are Mbit/Gbit and omit /s, weakening the route's rate semantics."
CPS Test,/type/cps-test,type,live,YES,YES,NO,YES,YES,CORE_DEFECT_OR_HARD_GATE,FAIL,"First click increments the counter in smoke coverage. Expected: a 5-second test measures five seconds of elapsed time; actual source decrements state once per setInterval callback and ends after five callbacks, so a throttled/background tab can run materially longer while final CPS still divides by five (output_verified=false; deterministic source defect). The primary target is also a non-semantic div. Evidence: components/tools/CpsTest.tsx, time/type smoke spec.",A nominal five-second round measures five seconds of monotonic elapsed time even when callbacks are throttled,Duration advances by interval tick count while CPS always divides by the nominal duration,FALSE,PASS,UNVERIFIED,PARTIAL,Browser-local; history/settings may use localStorage,No runtime external service observed,"Nominal duration advances by interval callback count rather than elapsed time, so throttling lengthens the test while CPS still divides by the nominal duration.",UNKNOWN,UNKNOWN,UNKNOWN,UNKNOWN,12,UNKNOWN,4,9,7,UNKNOWN,FIX,P1,"Nominal duration advances by interval callback count rather than elapsed time, so throttling lengthens the test while CPS still divides by the nominal duration.","reports/audits/tool-integrity/text-dev-time-type-play.md; tests/e2e/tool-audit/text-play-integrity.spec.ts; tests/e2e/tool-audit/time-type-smoke.spec.ts; Nominal duration advances by interval callback count rather than elapsed time, so throttling lengthens the test while CPS still divides by the nominal duration.",Do not promote; retain current URL pending repair and demand/backlink evidence; reassess indexation only through a separate approved SEO change,"Measure duration with monotonic wall-clock time rather than interval ticks, make the primary surface keyboard operable, and add throttled/background timing regressions","Nominal duration advances by interval callback count rather than elapsed time, so throttling lengthens the test while CPS still divides by the nominal duration.",FIXED,components/tools/CpsTest.tsx; lib/p1-remediation/monotonic-timing.ts,tests/p1-typing-numble.test.mjs; tests/e2e/p1-typing-numble.spec.ts,CPS divides actual accepted clicks by monotonic elapsed duration; throttled callbacks and early completion use real elapsed time; the test surface is keyboard operable.,KEEP.,Synthetic automation and browser event scheduling can influence measured human performance.
Reaction Time Test,/type/reaction-time,type,live,YES,YES,NO,YES,YES,WORKING_WITH_UNVERIFIED_OR_DEFECTIVE_EDGES,PARTIAL,"Start/wait state passed. Source measures from the green signal with performance.now() and rejects early clicks. Full randomized reaction output was not independently clock-asserted (output_verified=false). The click target is a non-semantic div, so it is not keyboard-operable. Hardware/display latency, percentile claims, mobile touch, and persistence remain unverified. Evidence: components/tools/ReactionTime.tsx, time/type smoke spec.",Behavior promised by the UI/copy or deterministic contract for the tested input; the evidence ledger states exact expected values where independently asserted,"UNVERIFIED exact output; source/shape evidence only: Start/wait state passed. Source measures from the green signal with performance.now() and rejects early clicks. Full randomized reaction output was not independently clock-asserted (output_verified=false). The click target is a non-semantic div, so it is not keyboard-operable. Hardware/display latency, percentile claims, mobile touch, and persistence remain unverified. Evidence: components/tools/ReactionTime.tsx, time/type smoke spec.",FALSE,PASS,UNVERIFIED,FAIL,Browser-local; history/settings may use localStorage,No runtime external service observed,"performance.now() and early-click handling are coherent, but the primary click surface is a non-semantic div without keyboard operation.",UNKNOWN,UNKNOWN,UNKNOWN,UNKNOWN,24,UNKNOWN,4,10,8,UNKNOWN,FIX,P2,"performance.now() and early-click handling are coherent, but the primary click surface is a non-semantic div without keyboard operation.","reports/audits/tool-integrity/text-dev-time-type-play.md; tests/e2e/tool-audit/text-play-integrity.spec.ts; tests/e2e/tool-audit/time-type-smoke.spec.ts; performance.now() and early-click handling are coherent, but the primary click surface is a non-semantic div without keyboard operation.",Do not promote; retain current URL pending repair and demand/backlink evidence; reassess indexation only through a separate approved SEO change,"Repair or narrow the user-visible promise before promotion, then add an independent regression for this documented limitation: performance.now() and early-click handling are coherent, but the primary click surface is a non-semantic div without keyboard operation.","performance.now() and early-click handling are coherent, but the primary click surface is a non-semantic div without keyboard operation.",NOT_IN_P0_P1_SCOPE,—,—,Historical audit evidence retained; this row was not reclassified in the P0/P1 remediation wave.,FIX,"performance.now() and early-click handling are coherent, but the primary click surface is a non-semantic div without keyboard operation."
Numble,/play/numble,play,unregistered-live-product,YES,YES,YES,YES,NO,CORE_DEFECT_OR_HARD_GATE,FAIL,"Deterministic 2026-08-01 puzzle [50,100,6,1,10,3] → 980 was independently solved in three legal operations: 100+1=101, 101−3=98, 10×98=980. Hard mode was enabled, yet the four-number solution was accepted, contradicting “use all 6.” The downloaded share PNG parsed as 1080×1350 (output_verified=true). Solver/generator legality and deterministic daily seed were independently inspected. hardMode, colorblindMode, and soundEnabled are persisted in the modal but never consumed by gameplay. Mobile, timezone rollover, long-run daily generation, clipboard share, and storage migration remain unverified. Evidence: lib/numble.ts, components/numble/NumbleGame.tsx, integrity spec lines 214–247, /tmp/clevr-tool-audit/text-play/numble-share.png. A later production-style 390×844 audit seeded the normal persisted numble_how_to_play_shown=true returning-user state and captured React hydration error #418 (pageerror), adding a P2 hydration defect beneath the existing P1 settings defect.","Hard, colorblind, and sound settings visibly and behaviorally change the corresponding game rules/presentation, and persisted return visits hydrate without errors",All three settings persist but do not alter gameplay/rendering; a return visit with numble_how_to_play_shown=true raised React hydration error #418; puzzle solve/share PNG otherwise worked,TRUE,PASS,FAIL,PARTIAL,Browser-local; history/settings may use localStorage,No runtime external service observed,"Daily puzzle/solver and PNG share work, but Hard mode, colorblind mode, and sound settings are persisted no-ops; a returning visit with the tutorial key persisted raises React hydration error #418.; a normal returning visit with persisted tutorial state raises React hydration error #418",UNKNOWN,UNKNOWN,UNKNOWN,UNKNOWN,15,UNKNOWN,12,5,4,UNKNOWN,HIDE,P1,"Daily puzzle/solver and PNG share work, but Hard mode, colorblind mode, and sound settings are persisted no-ops; a returning visit with the tutorial key persisted raises React hydration error #418.; returning-user persisted tutorial state also produces a P2 hydration error","reports/audits/tool-integrity/text-dev-time-type-play.md; tests/e2e/tool-audit/text-play-integrity.spec.ts; tests/e2e/tool-audit/time-type-smoke.spec.ts; Daily puzzle/solver and PNG share work, but Hard mode, colorblind mode, and sound settings are persisted no-ops; a returning visit with the tutorial key persisted raises React hydration error #418.; tests/e2e/tool-audit/representative-ux.spec.ts; reports/audits/tool-integrity/ux-accessibility-performance.md","Keep the route out of promotion; any noindex, sitemap, navigation, or redirect change requires a separately approved SEO release after durable-retention evidence, a committed Play owner, and current-build regression proof is verified.","Hide from public discovery and promotion pending durable-retention evidence, a committed Play owner, and current-build regression proof; retain only a bounded review/status path and do not present the current behavior as a user-safe result.","Daily puzzle/solver and PNG share work, but Hard mode, colorblind mode, and sound settings are persisted no-ops; a returning visit with the tutorial key persisted raises React hydration error #418.; returning-user persisted tutorial state also produces a P2 hydration error",FIXED,components/numble/NumbleGame.tsx; lib/numble-storage.ts,tests/p1-typing-numble.test.mjs; tests/e2e/p1-typing-numble.spec.ts; tests/e2e/tool-audit/text-play-integrity.spec.ts; tests/e2e/tool-audit/representative-ux.spec.ts,"Visible no-op Hard, colorblind, and sound controls were removed; persisted state is hydration-gated; core daily puzzle, countdown, result, storage, and share behavior remain covered.",KEEP after final hydration and core-game regression gates.,Daily puzzle correctness still depends on the existing deterministic puzzle generator and browser local storage availability.
Meme Generator,/play/meme-generator,play,unregistered-live-product,YES,YES,YES,YES,NO,WORKING_WITH_UNVERIFIED_OR_DEFECTIVE_EDGES,PARTIAL,"At 390×844, the Drake variant accepted multiline Unicode text without horizontal page overflow and downloaded a PNG that parsed as 1200×1200 (output_verified=true). All 30 bundled images decode, and their total repository size is about 2.3 MB. Editing is limited to predefined text zones, style/color/scale controls, and a permanent clevr.tools watermark; there is no drag positioning, persistence, or upload error state/size guard. The repository contains no identified license/provenance manifest for the third-party meme images. That is an unverified rights/trust gate, not a legal conclusion. Evidence: components/meme/MemeEditor.tsx, components/meme/MemeCanvas.tsx, lib/memes.ts, integrity spec lines 249–269, /tmp/clevr-tool-audit/text-play/drake-meme.png.",Behavior promised by the UI/copy or deterministic contract for the tested input; the evidence ledger states exact expected values where independently asserted,"Observed and independently asserted: At 390×844, the Drake variant accepted multiline Unicode text without horizontal page overflow and downloaded a PNG that parsed as 1200×1200 (output_verified=true). All 30 bundled images decode, and their total repository size is about 2.3 MB. Editing is limited to predefined text zones, style/color/scale controls, and a permanent clevr.tools watermark; there is no drag positioning, persistence, or upload error state/size guard. The repository contains no identified license/provenance manifest for the third-party meme images. That is an unverified rights/trust gate, not a legal conclusion. Evidence: components/meme/MemeEditor.tsx, components/meme/MemeCanvas.tsx, lib/memes.ts, integrity spec lines 249–269, /tmp/clevr-tool-audit/text-play/drake-meme.png.",TRUE,PASS,PASS,PARTIAL,Browser-local; no runtime upload observed,No runtime external service observed,"Mobile PNG export works, but template rights/provenance and demand are unverified; fixed zones, permanent watermark, and 30-template upkeep weaken utility and fit.",UNKNOWN,UNKNOWN,UNKNOWN,UNKNOWN,22,UNKNOWN,3,2,3,UNKNOWN,REMOVE,P2,"Mobile PNG export works, but template rights/provenance and demand are unverified; fixed zones, permanent watermark, and 30-template upkeep weaken utility and fit.","reports/audits/tool-integrity/text-dev-time-type-play.md; tests/e2e/tool-audit/text-play-integrity.spec.ts; tests/e2e/tool-audit/time-type-smoke.spec.ts; Mobile PNG export works, but template rights/provenance and demand are unverified; fixed zones, permanent watermark, and 30-template upkeep weaken utility and fit.","Do not change URLs yet. First obtain GSC/backlink and inbound-link evidence. If removal is approved, remove the canonical from sitemap/navigation and return 410 for it and its template variants; do not use a misleading 301 to /play.","Remove the public Meme Generator after traffic/backlink and rights evidence are reviewed; no equivalent replacement exists, so use 410 rather than a misleading 301 only after user-migration and code-deletion boundaries are approved.","Mobile PNG export works, but template rights/provenance and demand are unverified; fixed zones, permanent watermark, and 30-template upkeep weaken utility and fit.",NOT_IN_P0_P1_SCOPE,—,—,Historical audit evidence retained; this row was not reclassified in the P0/P1 remediation wave.,HIDE,"Mobile PNG export works, but template rights/provenance and demand are unverified; fixed zones, permanent watermark, and 30-template upkeep weaken utility and fit."
